Age,Sex,ChestPainType,RestingBP,Cholesterol,FastingBS,RestingECG,MaxHR,ExerciseAngina,Oldpeak,ST_Slope,HeartDisease,Age_Category
0.2448979591836734,1,1,0.5714285714285715,0.6394984326018809,0,1,0.7841726618705036,0,0.3333333333333333,2,0,0
0.4285714285714285,0,2,0.761904761904762,0.2978056426332288,0,1,0.6690647482014389,0,0.5,1,1,1
0.18367346938775508,1,1,0.47619047619047616,0.6206896551724137,0,2,0.2517985611510792,0,0.3333333333333333,2,0,0
0.40816326530612246,0,0,0.5523809523809525,0.40438871473354226,0,1,0.32374100719424465,1,0.5833333333333333,1,1,1
0.5306122448979591,1,2,0.6666666666666666,0.3448275862068965,0,1,0.42446043165467634,0,0.3333333333333333,2,0,1
0.22448979591836726,1,2,0.38095238095238104,0.7962382445141065,0,1,0.7697841726618706,0,0.3333333333333333,2,0,0
0.346938775510204,0,1,0.47619047619047616,0.47648902821316613,0,1,0.7697841726618706,0,0.3333333333333333,2,0,1
0.5306122448979591,1,1,0.2857142857142857,0.3855799373040752,0,1,0.5683453237410072,0,0.3333333333333333,2,0,1
0.18367346938775508,1,0,0.5714285714285715,0.38244514106583066,0,1,0.4820143884892087,1,0.5833333333333333,1,1,0
0.40816326530612246,0,1,0.38095238095238104,0.6238244514106583,0,1,0.4100719424460432,0,0.3333333333333333,2,0,1
0.18367346938775508,0,2,0.47619047619047616,0.3949843260188088,0,1,0.5683453237410072,0,0.3333333333333333,2,0,0
0.6122448979591837,1,1,0.5333333333333333,0.24764890282131663,0,2,0.2589928057553957,1,0.6666666666666666,1,1,1
0.22448979591836726,1,1,0.38095238095238104,0.3730407523510972,0,1,0.5899280575539567,0,0.3333333333333333,2,0,0
0.4285714285714285,1,0,0.5714285714285715,0.46708463949843254,0,1,0.553956834532374,1,0.5,1,1,1
0.2857142857142857,0,2,0.33333333333333337,0.3949843260188088,0,2,0.5323741007194245,0,0.3333333333333333,2,0,1
0.5306122448979591,0,1,0.38095238095238104,0.5893416927899686,0,1,0.6258992805755395,0,0.5833333333333333,1,0,1
0.20408163265306123,1,0,0.2857142857142857,0.34796238244514105,0,1,0.7410071942446044,0,0.3333333333333333,1,1,0
0.30612244897959184,0,1,0.38095238095238104,0.3636363636363636,0,1,0.7338129496402879,0,0.3333333333333333,2,0,1
0.6530612244897958,1,0,0.19047619047619047,0.5109717868338557,0,1,0.44604316546762596,0,0.5,1,1,1
0.16326530612244894,1,1,0.38095238095238104,0.5705329153605014,0,1,0.6978417266187049,0,0.8333333333333333,1,1,0
0.30612244897959184,0,3,0.19047619047619047,0.43260188087774293,0,1,0.5683453237410072,0,0.3333333333333333,2,0,1
0.3265306122448979,1,1,0.38095238095238104,0.3103448275862069,0,1,0.5683453237410072,0,0.5,1,0,1
0.4285714285714285,0,1,0.419047619047619,0.3636363636363636,0,1,0.7266187050359711,0,0.3333333333333333,2,0,1
0.3265306122448979,1,1,0.6666666666666666,0.6363636363636362,0,1,0.6258992805755395,1,0.8333333333333333,1,1,1
0.2448979591836734,1,2,0.47619047619047616,0.4075235109717868,0,1,0.539568345323741,0,0.3333333333333333,2,0,0
0.16326530612244894,1,2,0.47619047619047616,0.3887147335423197,0,1,0.8273381294964028,0,0.3333333333333333,2,0,0
0.510204081632653,1,0,0.419047619047619,0.5485893416927898,0,2,0.3525179856115109,1,0.8333333333333333,1,0,1
0.4897959183673468,1,1,0.38095238095238104,0.6238244514106583,0,1,0.3956834532374101,0,0.3333333333333333,2,0,1
0.46938775510204067,1,1,0.4285714285714287,0.3228840125391849,0,1,0.5899280575539567,0,0.3333333333333333,2,0,1
0.5714285714285714,1,2,0.47619047619047616,0.2570532915360501,0,1,0.3669064748201439,0,0.3333333333333333,2,0,1
0.5306122448979591,1,0,0.4285714285714287,0.43573667711598746,0,1,0.42446043165467634,0,0.6666666666666666,1,1,1
0.26530612244897955,1,0,0.47619047619047616,0.27272727272727265,0,2,0.4820143884892087,0,0.6666666666666666,1,1,1
0.30612244897959184,0,1,0.6666666666666666,0.31661442006269586,0,1,0.6546762589928057,0,0.3333333333333333,2,0,1
0.08163265306122447,1,1,0.4285714285714287,0.5297805642633229,0,1,0.6618705035971222,0,0.3333333333333333,2,0,0
0.7551020408163265,1,0,0.5714285714285715,0.6927899686520376,1,1,0.1726618705035971,1,0.5833333333333333,1,1,2
0.26530612244897955,0,1,0.2857142857142857,0.5172413793103448,0,2,0.5683453237410072,0,0.3333333333333333,2,0,1
0.40816326530612246,0,1,0.38095238095238104,0.2884012539184953,1,2,0.6115107913669064,0,0.3333333333333333,2,0,1
0.40816326530612246,0,0,0.6666666666666666,0.44514106583072094,0,1,0.4820143884892087,1,0.5,1,0,1
0.5306122448979591,0,1,0.6666666666666666,0.45454545454545453,0,1,0.4820143884892087,0,0.3333333333333333,2,0,1
0.5306122448979591,0,2,0.47619047619047616,0.6551724137931034,0,2,0.2661870503597123,1,0.3333333333333333,1,1,1
0.1428571428571428,1,1,0.6666666666666666,0.561128526645768,0,1,0.7553956834532374,0,0.3333333333333333,2,0,0
0.4897959183673468,1,2,0.5714285714285715,0.5454545454545454,0,2,0.7697841726618706,0,0.3333333333333333,2,0,1
0.30612244897959184,1,0,0.38095238095238104,0.28213166144200624,0,1,0.4100719424460432,1,0.5,1,1,1
0.6326530612244898,1,2,0.47619047619047616,0.7304075235109717,0,1,0.4100719424460432,1,0.5,1,0,1
0.18367346938775508,1,0,0.38095238095238104,0.43260188087774293,0,1,0.7553956834532374,0,0.3333333333333333,2,0,0
0.44897959183673475,1,1,0.5714285714285715,0.4106583072100313,0,1,0.7697841726618706,0,0.3333333333333333,2,0,1
0.16326530612244894,1,2,0.3047619047619049,0.7993730407523512,0,1,0.8705035971223021,0,0.5,1,0,0
0.26530612244897955,1,0,0.2857142857142857,0.6394984326018809,0,1,0.7697841726618706,0,0.3333333333333333,1,1,1
0.44897959183673475,1,0,0.47619047619047616,0.463949843260188,0,1,0.4172661870503597,1,0.6666666666666666,1,1,1
0.3877551020408163,0,0,0.38095238095238104,0.3761755485893417,0,1,0.2517985611510792,1,0.6666666666666666,1,1,1
0.346938775510204,1,1,0.5714285714285715,0.43573667711598746,1,1,0.42446043165467634,0,0.3333333333333333,2,0,1
0.26530612244897955,0,1,0.47619047619047616,0.5015673981191222,0,1,0.6258992805755395,0,0.3333333333333333,2,0,1
0.4897959183673468,0,0,0.47619047619047616,0.2978056426332288,0,1,0.553956834532374,1,0.5833333333333333,1,0,1
0.46938775510204067,0,1,0.761904761904762,0.341692789968652,0,1,0.7697841726618706,0,0.3333333333333333,2,0,1
0.061224489795918324,1,0,0.38095238095238104,0.5799373040752351,0,1,0.6474820143884892,1,0.5833333333333333,1,1,0
0.6122448979591837,1,2,0.47619047619047616,0.40125391849529773,0,2,0.553956834532374,0,0.3333333333333333,1,1,1
0.5306122448979591,1,0,0.6666666666666666,0.8777429467084639,0,2,0.5107913669064748,0,0.5,2,0,1
0.4897959183673468,1,0,0.3047619047619049,0.8056426332288402,0,2,0.23741007194244607,1,0.5,1,1,1
0.4285714285714285,1,1,0.19047619047619047,0.5266457680250782,0,1,0.7985611510791366,0,0.3333333333333333,2,0,1
0.30612244897959184,0,2,0.6666666666666666,0.5297805642633229,0,1,0.8057553956834533,0,0.3333333333333333,2,0,1
0.346938775510204,1,0,0.5714285714285715,0.43573667711598746,0,1,0.5827338129496402,0,0.3333333333333333,2,0,1
0.36734693877551017,1,0,0.38095238095238104,0.6018808777429467,0,1,0.44604316546762596,1,0.5,1,1,1
0.44897959183673475,0,1,0.2857142857142857,0.3667711598746081,0,1,0.5899280575539567,0,0.3333333333333333,2,0,1
0.18367346938775508,0,1,0.38095238095238104,0.5485893416927898,0,1,0.4820143884892087,0,0.3333333333333333,2,0,0
0.346938775510204,0,0,0.49523809523809537,0.6645768025078369,0,1,0.5827338129496402,0,0.3333333333333333,2,0,1
0.08163265306122447,1,1,0.2857142857142857,0.438871473354232,0,1,0.8705035971223021,0,0.3333333333333333,2,0,0
0.4897959183673468,1,0,0.761904761904762,0.5047021943573666,0,2,0.13669064748201437,1,1.0,1,1,1
0.5918367346938775,1,1,0.5714285714285715,0.5642633228840126,0,2,0.5899280575539567,1,0.5,1,1,1
0.3265306122448979,1,1,0.47619047619047616,0.4075235109717868,0,1,0.5179856115107915,0,0.3333333333333333,2,0,1
0.4897959183673468,1,0,0.38095238095238104,0.30407523510971785,0,1,0.6258992805755395,0,0.3333333333333333,1,1,1
0.3265306122448979,0,0,0.38095238095238104,0.4169278996865204,0,2,0.3741007194244605,0,0.3333333333333333,2,0,1
0.5510204081632653,1,0,0.5714285714285715,0.5736677115987461,0,1,0.4676258992805756,1,0.5833333333333333,1,1,1
0.36734693877551017,1,2,0.6666666666666666,0.2445141065830721,0,1,0.381294964028777,0,0.3333333333333333,2,0,1
0.1428571428571428,0,0,0.5714285714285715,0.2570532915360501,0,1,0.6258992805755395,0,0.3333333333333333,2,0,0
0.4897959183673468,1,1,0.5714285714285715,0.04702194357366768,0,1,0.539568345323741,1,0.3333333333333333,2,0,1
0.4285714285714285,1,0,0.47619047619047616,0.37931034482758613,0,1,0.7697841726618706,0,0.3333333333333333,1,1,1
0.5510204081632653,1,2,0.2857142857142857,0.6018808777429467,0,1,0.6978417266187049,0,0.3333333333333333,2,0,1
0.5306122448979591,1,1,0.38095238095238104,0.47962382445141066,0,1,0.6546762589928057,0,0.3333333333333333,2,0,1
0.7142857142857142,1,0,0.6666666666666666,0.43260188087774293,0,1,0.3741007194244605,0,0.3333333333333333,1,1,2
0.4897959183673468,1,1,0.761904761904762,0.34796238244514105,0,1,0.7338129496402879,0,0.3333333333333333,2,0,1
0.5714285714285714,1,0,0.6666666666666666,0.40125391849529773,1,1,0.44604316546762596,1,0.5,1,1,1
0.7755102040816326,1,0,0.5714285714285715,0.16927899686520376,0,1,0.22302158273381295,1,0.5,1,1,2
0.7551020408163265,1,0,0.8571428571428573,0.5579937304075235,1,1,0.3525179856115109,1,0.6666666666666666,1,1,2
0.510204081632653,0,1,0.5714285714285715,0.4106583072100313,0,1,0.5683453237410072,1,0.6666666666666666,1,0,1
0.30612244897959184,1,3,0.38095238095238104,0.64576802507837,0,2,0.6618705035971222,0,0.3333333333333333,1,1,1
0.5510204081632653,1,0,0.5714285714285715,0.45141065830721,0,1,0.33812949640287776,1,0.41666666666666663,1,0,1
0.4285714285714285,0,1,0.2857142857142857,0.3855799373040752,0,1,0.6978417266187049,0,0.3333333333333333,2,0,1
0.22448979591836726,1,0,0.47619047619047616,0.695924764890282,0,1,0.553956834532374,0,0.3333333333333333,2,0,0
0.4897959183673468,0,1,0.38095238095238104,0.39184952978056425,0,1,0.6115107913669064,0,0.3333333333333333,2,0,1
0.40816326530612246,1,0,0.761904761904762,0.7648902821316614,0,1,0.20863309352517984,1,0.5833333333333333,1,1,1
0.22448979591836726,0,2,0.2857142857142857,0.30407523510971785,0,2,0.8417266187050361,0,0.3333333333333333,2,0,0
0.6122448979591837,1,0,0.47619047619047616,0.5579937304075235,0,1,0.553956834532374,1,0.6666666666666666,1,1,1
0.30612244897959184,1,1,0.5904761904761905,0.38244514106583066,0,1,0.539568345323741,0,0.3333333333333333,2,0,1
0.22448979591836726,1,2,0.761904761904762,0.19435736677115983,1,1,0.6978417266187049,0,0.3333333333333333,2,0,0
0.5714285714285714,1,0,0.38095238095238104,0.0,0,1,0.553956834532374,0,0.3333333333333333,2,0,1
0.26530612244897955,1,1,0.4285714285714287,0.5768025078369905,0,1,0.5827338129496402,0,0.3333333333333333,2,0,1
0.7551020408163265,1,0,0.47619047619047616,0.5956112852664577,0,2,0.3741007194244605,1,0.5,1,1,2
0.46938775510204067,1,0,0.47619047619047616,0.29467084639498425,0,1,0.2661870503597123,0,0.3333333333333333,2,0,1
0.2448979591836734,0,0,0.6666666666666666,0.9623824451410659,0,1,0.4820143884892087,0,0.6666666666666666,1,1,0
0.36734693877551017,1,0,0.36190476190476184,0.31661442006269586,0,1,0.43884892086330934,0,0.3333333333333333,1,1,1
0.5918367346938775,1,1,0.5714285714285715,0.5485893416927898,1,1,0.553956834532374,0,0.3333333333333333,2,0,1
0.40816326530612246,0,0,0.38095238095238104,0.5297805642633229,0,2,0.33812949640287776,0,0.3333333333333333,2,0,1
0.12244897959183676,1,1,0.6666666666666666,0.40438871473354226,0,2,0.7553956834532374,0,0.3333333333333333,2,0,0
0.44897959183673475,1,0,0.5714285714285715,0.13793103448275862,0,1,0.5179856115107915,0,0.3333333333333333,2,0,1
0.6326530612244898,0,1,0.47619047619047616,0.3228840125391849,0,1,0.43884892086330934,0,0.5,1,0,1
0.5918367346938775,1,0,0.6666666666666666,0.5329153605015673,0,1,0.20863309352517984,1,0.8333333333333333,1,1,1
0.3877551020408163,1,0,0.5714285714285715,0.5987460815047021,1,1,0.44604316546762596,1,0.3333333333333333,2,0,1
0.20408163265306123,1,1,0.5714285714285715,0.6645768025078369,0,1,0.6258992805755395,0,0.3333333333333333,2,0,0
0.4285714285714285,0,2,0.47619047619047616,0.38244514106583066,0,2,0.5179856115107915,0,0.3333333333333333,2,0,1
0.10204081632653061,0,0,0.19047619047619047,0.5047021943573666,0,1,0.6258992805755395,1,0.5,1,1,0
0.20408163265306123,1,0,0.38095238095238104,0.6175548589341693,0,1,0.7697841726618706,0,0.3333333333333333,1,1,0
0.6326530612244898,0,0,0.47619047619047616,0.7931034482758621,1,2,0.4820143884892087,1,0.5833333333333333,1,1,1
0.1428571428571428,0,3,0.38095238095238104,0.2351097178683385,0,2,0.8776978417266188,0,0.3333333333333333,2,0,0
0.12244897959183676,1,3,0.5714285714285715,0.2225705329153605,0,1,0.8417266187050361,0,0.3333333333333333,1,1,0
0.3877551020408163,0,2,0.5238095238095238,0.5109717868338557,1,1,0.7697841726618706,0,0.3333333333333333,1,1,1
0.4897959183673468,0,2,0.4285714285714287,0.5862068965517242,0,1,0.5467625899280575,0,0.3333333333333333,2,0,1
0.36734693877551017,1,0,0.2857142857142857,0.4858934169278996,0,2,0.553956834532374,0,0.3333333333333333,2,0,1
0.6122448979591837,0,1,0.9523809523809524,0.9655172413793103,0,1,0.33812949640287776,1,0.5,1,1,1
0.6122448979591837,1,1,0.47619047619047616,0.45454545454545453,0,1,0.6258992805755395,0,0.3333333333333333,2,0,1
0.5306122448979591,1,1,0.38095238095238104,0.5047021943573666,0,1,0.33812949640287776,0,0.3333333333333333,2,0,1
0.12244897959183676,0,1,0.47619047619047616,0.23824451410658304,0,1,0.9136690647482015,0,0.3333333333333333,2,0,0
0.40816326530612246,0,0,0.2666666666666667,0.2445141065830721,0,1,0.8057553956834533,0,0.6666666666666666,2,0,1
0.5306122448979591,0,1,0.38095238095238104,0.45454545454545453,1,1,0.553956834532374,0,0.3333333333333333,2,0,1
0.2857142857142857,1,2,0.38095238095238104,0.44827586206896547,0,1,0.6402877697841727,1,0.5833333333333333,1,0,1
0.20408163265306123,1,2,0.6190476190476192,0.6489028213166144,0,1,0.4820143884892087,0,0.3333333333333333,2,0,0
0.36734693877551017,1,0,0.2857142857142857,0.3667711598746081,0,1,0.6258992805755395,1,0.3333333333333333,1,1,1
0.5714285714285714,1,0,0.8571428571428573,0.9498432601880877,0,2,0.42446043165467634,1,0.6666666666666666,1,1,1
0.5714285714285714,1,0,0.6666666666666666,0.45454545454545453,0,2,0.43884892086330934,1,0.5833333333333333,1,1,1
0.6734693877551019,0,0,0.47619047619047616,0.6551724137931034,0,2,0.4100719424460432,1,0.5,1,0,2
0.4285714285714285,1,2,0.33333333333333337,0.5642633228840126,0,1,0.8057553956834533,0,0.3333333333333333,1,1,1
0.30612244897959184,0,1,0.38095238095238104,0.4075235109717868,0,2,0.8057553956834533,0,0.3333333333333333,2,0,1
0.22448979591836726,1,1,0.38095238095238104,0.48902821316614414,0,2,0.5971223021582734,0,0.6666666666666666,2,0,0
0.5306122448979591,1,0,0.5714285714285715,0.2539184952978056,0,1,0.3956834532374101,1,0.3333333333333333,1,1,1
0.30612244897959184,1,0,0.6666666666666666,0.5078369905956113,0,1,0.4820143884892087,1,0.6666666666666666,1,1,1
0.4897959183673468,1,0,0.761904761904762,0.7711598746081505,0,1,0.22302158273381295,1,0.75,1,1,1
0.44897959183673475,1,0,0.5714285714285715,0.8025078369905956,0,2,0.44604316546762596,1,0.75,1,1,1
0.3877551020408163,1,0,0.761904761904762,0.64576802507837,0,2,0.6834532374100719,1,0.8333333333333333,1,1,1
0.510204081632653,1,0,0.5714285714285715,0.4952978056426332,0,1,0.6618705035971222,0,0.3333333333333333,2,0,1
0.5714285714285714,0,1,0.38095238095238104,0.6081504702194358,0,1,0.6258992805755395,0,0.5,1,1,1
0.22448979591836726,1,0,0.2857142857142857,0.5893416927899686,0,1,0.4964028776978418,0,0.3333333333333333,2,0,0
0.2857142857142857,1,1,0.38095238095238104,0.3542319749216301,0,1,0.6618705035971222,0,0.3333333333333333,2,0,1
0.30612244897959184,0,1,0.38095238095238104,0.5141065830721003,0,2,0.8129496402877698,0,0.3333333333333333,2,0,1
0.44897959183673475,1,1,0.38095238095238104,0.26018808777429464,0,1,0.6978417266187049,0,0.3333333333333333,2,0,1
0.22448979591836726,1,1,0.47619047619047616,0.4075235109717868,0,1,0.4100719424460432,0,0.3333333333333333,2,0,0
0.40816326530612246,1,1,0.19047619047619047,0.23197492163009403,0,1,0.2661870503597123,0,0.3333333333333333,2,0,1
0.2448979591836734,1,1,0.47619047619047616,0.5956112852664577,0,1,0.6258992805755395,0,0.3333333333333333,2,0,0
0.5510204081632653,1,0,0.38095238095238104,0.5799373040752351,0,1,0.553956834532374,0,0.3333333333333333,2,0,1
0.26530612244897955,1,1,0.38095238095238104,0.64576802507837,0,2,0.6978417266187049,0,0.3333333333333333,2,0,1
0.5714285714285714,1,0,0.7142857142857143,0.8056426332288402,1,1,0.6258992805755395,1,0.8333333333333333,1,1,1
0.20408163265306123,1,0,0.2857142857142857,0.329153605015674,0,1,0.6258992805755395,1,0.5,1,1,0
0.4285714285714285,1,0,0.5714285714285715,0.31347962382445144,0,1,0.4820143884892087,0,0.3333333333333333,2,0,1
0.3265306122448979,1,0,0.47619047619047616,0.6426332288401253,0,1,0.2661870503597123,1,0.6666666666666666,1,1,1
0.5306122448979591,1,1,0.761904761904762,0.3448275862068965,0,2,0.4820143884892087,0,0.5,2,0,1
0.6326530612244898,1,0,0.5714285714285715,0.561128526645768,1,0,0.4028776978417266,1,0.3333333333333333,1,1,1
0.4285714285714285,1,0,0.4571428571428572,0.3981191222570533,0,1,0.23741007194244607,1,0.3333333333333333,1,1,1
0.3877551020408163,1,1,0.761904761904762,0.5579937304075235,0,1,0.7985611510791366,0,0.3333333333333333,2,0,1
0.2857142857142857,1,1,0.38095238095238104,0.34796238244514105,0,1,0.6258992805755395,0,0.3333333333333333,2,0,1
0.4897959183673468,0,1,0.5714285714285715,0.438871473354232,0,1,0.553956834532374,0,0.3333333333333333,2,0,1
0.36734693877551017,1,3,0.5714285714285715,0.5862068965517242,1,1,0.8057553956834533,0,0.6666666666666666,1,1,1
0.40816326530612246,1,1,0.5714285714285715,0.47962382445141066,0,1,0.3956834532374101,0,0.3333333333333333,2,0,1
0.6122448979591837,1,0,0.5238095238095238,0.4294670846394984,0,1,0.2661870503597123,0,0.3333333333333333,2,0,1
0.6122448979591837,1,2,0.5714285714285715,0.29467084639498425,0,1,0.6978417266187049,0,0.3333333333333333,2,0,1
0.020408163265306145,1,1,0.38095238095238104,0.4952978056426332,0,1,0.6978417266187049,0,0.3333333333333333,2,0,0
0.2448979591836734,1,2,0.5714285714285715,0.47021943573667707,0,1,0.8992805755395683,0,0.3333333333333333,2,0,0
0.510204081632653,1,1,0.5714285714285715,0.7366771159874608,0,1,0.7122302158273381,0,0.3333333333333333,2,0,1
0.4285714285714285,1,2,0.5714285714285715,0.3197492163009404,0,1,0.7841726618705036,0,0.3333333333333333,2,0,1
0.4897959183673468,1,0,0.5714285714285715,0.567398119122257,0,1,0.5107913669064748,1,0.6666666666666666,1,1,1
0.30612244897959184,1,0,0.5714285714285715,0.6363636363636362,0,1,0.5179856115107915,1,0.6666666666666666,1,1,1
0.5306122448979591,1,0,0.5714285714285715,0.4106583072100313,0,1,0.30215827338129503,0,0.5833333333333333,1,1,1
0.6326530612244898,1,1,0.5714285714285715,0.6332288401253918,0,1,0.6258992805755395,0,0.3333333333333333,2,0,1
0.18367346938775508,1,2,0.47619047619047616,0.341692789968652,0,1,0.6258992805755395,0,0.3333333333333333,2,0,0
0.36734693877551017,0,0,0.47619047619047616,0.47962382445141066,0,1,0.19424460431654683,0,0.3333333333333333,2,0,1
0.4897959183673468,1,0,0.47619047619047616,0.438871473354232,0,1,0.4100719424460432,1,0.6666666666666666,1,1,1
0.46938775510204067,1,1,0.47619047619047616,0.43573667711598746,0,1,0.6258992805755395,0,0.3333333333333333,2,0,1
0.4897959183673468,1,0,0.5714285714285715,1.0,0,1,0.43884892086330934,1,0.6666666666666666,1,1,1
0.36734693877551017,1,0,0.2857142857142857,0.47962382445141066,0,2,0.553956834532374,1,0.5,1,0,1
0.5306122448979591,0,1,0.761904761904762,0.7115987460815048,0,1,0.4820143884892087,0,0.3333333333333333,2,0,1
0.6122448979591837,1,2,0.761904761904762,0.3949843260188088,1,2,0.20863309352517984,0,0.3333333333333333,1,1,1
0.6122448979591837,1,1,0.47619047619047616,0.5203761755485894,0,1,0.33812949640287776,0,0.3333333333333333,2,0,1
0.26530612244897955,1,0,0.38095238095238104,0.47648902821316613,1,1,0.539568345323741,1,0.5,1,1,1
0.44897959183673475,0,0,0.38095238095238104,0.761755485893417,0,1,0.33812949640287776,1,0.5,1,0,1
0.510204081632653,1,0,0.9523809523809524,0.6269592476489028,0,2,0.4100719424460432,1,0.5833333333333333,1,1,1
0.36734693877551017,1,0,0.9523809523809524,0.6112852664576802,0,2,0.4100719424460432,0,0.3333333333333333,2,0,1
0.44897959183673475,1,1,0.8571428571428573,0.3887147335423197,0,2,0.381294964028777,0,0.3333333333333333,2,0,1
0.40816326530612246,1,1,0.47619047619047616,0.5015673981191222,0,1,0.6978417266187049,0,0.3333333333333333,2,0,1
0.346938775510204,1,2,0.5238095238095238,0.33542319749216304,0,1,0.33812949640287776,0,0.3333333333333333,2,0,1
0.26530612244897955,0,1,0.4285714285714287,0.3103448275862069,0,1,0.8417266187050361,0,0.3333333333333333,2,0,1
0.693877551020408,0,3,0.761904761904762,0.33855799373040746,0,1,0.381294964028777,0,0.3333333333333333,2,0,2
0.4285714285714285,1,0,0.38095238095238104,0.6645768025078369,0,1,0.4964028776978418,0,0.5,1,0,1
0.2857142857142857,1,1,0.6666666666666666,0.5736677115987461,0,1,0.525179856115108,0,0.3333333333333333,2,0,1
0.510204081632653,1,0,0.38095238095238104,0.5047021943573666,0,1,0.381294964028777,1,0.3333333333333333,1,1,1
0.5918367346938775,0,3,0.47619047619047616,0.6990595611285266,0,1,0.2517985611510792,0,0.5,1,0,1
0.3877551020408163,1,3,0.2857142857142857,0.5141065830721003,0,1,0.6258992805755395,0,0.3333333333333333,2,0,1
0.36734693877551017,1,2,0.38095238095238104,0.45454545454545453,0,1,0.6258992805755395,0,0.3333333333333333,2,0,1
0.2857142857142857,1,2,0.761904761904762,0.19435736677115983,0,1,0.5971223021582734,0,0.3333333333333333,2,0,1
0.061224489795918324,0,1,0.19047619047619047,0.4200626959247648,0,2,0.6258992805755395,0,0.3333333333333333,2,0,0
0.5714285714285714,1,1,0.47619047619047616,0.3103448275862069,0,1,0.2661870503597123,0,0.3333333333333333,2,0,1
0.44897959183673475,1,0,0.6666666666666666,0.4075235109717868,0,1,0.553956834532374,1,0.3333333333333333,2,0,1
0.1428571428571428,1,1,0.38095238095238104,0.6990595611285266,0,0,0.8417266187050361,0,0.3333333333333333,2,0,0
0.1428571428571428,1,1,0.2857142857142857,0.5391849529780564,0,1,0.553956834532374,0,0.3333333333333333,1,1,0
0.0,1,1,0.47619047619047616,0.14733542319749215,0,0,0.8776978417266188,0,0.3333333333333333,2,0,0
0.5306122448979591,1,0,0.4285714285714287,0.4106583072100313,0,1,0.553956834532374,0,0.3333333333333333,1,1,1
0.40816326530612246,1,0,0.24761904761904774,0.5579937304075235,1,1,0.33812949640287776,0,0.3333333333333333,1,1,1
0.44897959183673475,0,2,0.5714285714285715,0.6363636363636362,0,1,0.553956834532374,1,0.3333333333333333,1,1,1
0.5714285714285714,1,2,0.47619047619047616,0.5987460815047021,0,1,0.4676258992805756,1,0.5,2,0,1
0.5714285714285714,0,2,0.47619047619047616,0.4200626959247648,0,2,0.7266187050359711,0,0.3333333333333333,2,0,1
0.3877551020408163,1,0,0.6666666666666666,0.4420062695924764,0,1,0.2517985611510792,1,0.5833333333333333,1,1,1
0.04081632653061218,0,3,0.8571428571428573,0.47648902821316613,0,2,0.7697841726618706,0,0.3333333333333333,2,0,0
0.22448979591836726,1,0,0.2857142857142857,0.6112852664576802,0,1,0.6258992805755395,0,0.3333333333333333,1,1,0
0.5306122448979591,1,2,0.38095238095238104,0.41379310344827586,0,1,0.5323741007194245,0,0.3333333333333333,2,0,1
0.5510204081632653,1,1,0.5714285714285715,0.34796238244514105,0,1,0.6258992805755395,0,0.3333333333333333,2,0,1
0.020408163265306145,1,1,0.5714285714285715,0.5579937304075235,0,1,0.7697841726618706,0,0.3333333333333333,2,0,0
0.36734693877551017,1,0,0.47619047619047616,0.4294670846394984,0,1,0.3525179856115109,0,0.3333333333333333,1,1,1
0.46938775510204067,0,0,0.761904761904762,0.6833855799373041,0,1,0.6258992805755395,1,0.5,1,1,1
0.40816326530612246,0,2,0.38095238095238104,0.3448275862068965,0,1,0.44604316546762596,0,0.3333333333333333,2,0,1
0.10204081632653061,1,2,0.38095238095238104,0.6677115987460815,0,1,0.8776978417266188,0,0.3333333333333333,2,0,0
0.5510204081632653,1,1,0.38095238095238104,0.5360501567398119,1,1,0.5323741007194245,0,0.3333333333333333,2,0,1
0.44897959183673475,1,0,0.6190476190476192,0.561128526645768,0,1,0.6258992805755395,0,0.3333333333333333,1,1,1
0.510204081632653,1,2,0.38095238095238104,0.3448275862068965,0,1,0.553956834532374,0,0.3333333333333333,2,0,1
0.20408163265306123,1,0,0.11428571428571432,0.10031347962382442,0,1,0.5107913669064748,1,0.75,1,1,0
0.26530612244897955,1,1,0.38095238095238104,0.6583072100313478,0,1,0.7697841726618706,0,0.3333333333333333,2,0,1
0.18367346938775508,0,0,0.47619047619047616,0.2758620689655172,0,2,0.8705035971223021,0,0.3333333333333333,2,0,0
0.18367346938775508,1,0,0.47619047619047616,0.7210031347962382,0,1,0.6834532374100719,0,0.3333333333333333,2,0,0
0.2448979591836734,1,2,0.47619047619047616,0.6144200626959246,0,1,0.7482014388489209,0,0.3333333333333333,2,0,0
0.20408163265306123,0,1,0.38095238095238104,0.5956112852664577,0,1,0.4748201438848921,0,0.3333333333333333,2,0,0
0.26530612244897955,1,0,0.3047619047619049,0.5172413793103448,0,1,0.5683453237410072,0,0.3333333333333333,2,0,1
0.5306122448979591,0,1,0.5714285714285715,0.702194357366771,0,2,0.553956834532374,0,0.3333333333333333,2,0,1
0.22448979591836726,1,1,0.38095238095238104,0.36050156739811906,0,1,0.6978417266187049,1,0.5,1,0,0
0.26530612244897955,1,0,0.38095238095238104,0.786833855799373,0,1,0.3956834532374101,1,0.8333333333333333,1,1,1
0.5510204081632653,1,3,0.5714285714285715,0.6583072100313478,0,1,0.525179856115108,0,0.3333333333333333,1,1,1
0.40816326530612246,1,0,0.761904761904762,0.8463949843260188,0,1,0.2589928057553957,1,0.6666666666666666,1,1,1
0.40816326530612246,1,0,0.761904761904762,0.33855799373040746,0,1,0.2805755395683453,1,0.8333333333333333,1,1,1
0.5510204081632653,1,1,0.6190476190476192,0.755485893416928,0,1,0.6618705035971222,0,0.3333333333333333,2,0,1
0.5510204081632653,1,1,0.761904761904762,0.6489028213166144,1,1,0.5755395683453237,1,0.6666666666666666,1,1,1
0.30612244897959184,0,1,0.38095238095238104,0.567398119122257,0,1,0.3956834532374101,0,0.3333333333333333,2,0,1
0.40816326530612246,1,0,0.761904761904762,0.5736677115987461,0,1,0.2877697841726619,1,0.5,1,1,1
0.5306122448979591,1,3,0.38095238095238104,0.26959247648902823,0,1,0.5323741007194245,0,0.6666666666666666,2,0,1
0.5306122448979591,1,2,0.38095238095238104,0.47648902821316613,0,1,0.6258992805755395,1,0.5833333333333333,1,1,1
0.40816326530612246,1,0,0.4,0.5956112852664577,1,2,0.6258992805755395,1,0.6666666666666666,0,1,1
0.346938775510204,1,0,0.47619047619047616,0.4200626959247648,0,2,0.4820143884892087,1,0.5,1,1,1
0.4285714285714285,1,0,0.47619047619047616,0.8025078369905956,0,1,0.4100719424460432,1,0.5,1,1,1
0.40816326530612246,1,0,0.38095238095238104,0.5485893416927898,0,1,0.3741007194244605,0,0.6666666666666666,1,1,1
0.6734693877551019,1,0,0.4285714285714287,0.6489028213166144,0,2,0.3741007194244605,1,0.3333333333333333,2,0,2
0.693877551020408,1,1,0.5714285714285715,0.5830721003134796,0,1,0.6402877697841727,0,0.5,2,0,2
0.5510204081632653,1,0,0.6190476190476192,0.5109717868338557,0,1,0.23741007194244607,1,0.6666666666666666,1,1,1
0.510204081632653,0,2,0.38095238095238104,0.592476489028213,0,1,0.4820143884892087,0,0.3333333333333333,2,0,1
0.5510204081632653,0,1,0.47619047619047616,0.9686520376175549,0,0,0.6258992805755395,0,0.3333333333333333,2,0,1
0.16326530612244894,1,2,0.6666666666666666,0.2351097178683385,0,1,0.7841726618705036,0,0.3333333333333333,2,0,0
0.46938775510204067,0,2,0.6666666666666666,0.36050156739811906,0,1,0.4100719424460432,0,0.41666666666666663,2,0,1
0.5510204081632653,0,1,0.4,0.7366771159874608,0,1,0.6618705035971222,0,0.3333333333333333,2,0,1
0.36734693877551017,1,1,0.5714285714285715,0.5956112852664577,0,1,0.7338129496402879,1,0.3333333333333333,2,0,1
0.5306122448979591,0,1,0.38095238095238104,0.42633228840125387,0,1,0.539568345323741,0,0.5,2,0,1
0.36734693877551017,1,0,0.38095238095238104,0.45768025078369906,0,1,0.3741007194244605,1,0.3333333333333333,1,1,1
0.6326530612244898,1,0,0.47619047619047616,0.12852664576802508,0,1,0.44604316546762596,0,0.3333333333333333,1,1,1
0.3877551020408163,1,2,0.5714285714285715,0.33855799373040746,0,1,0.5899280575539567,1,0.5,1,1,1
0.5306122448979591,1,1,0.761904761904762,0.6896551724137931,0,1,0.8057553956834533,0,0.3333333333333333,2,0,1
0.4897959183673468,1,0,0.47619047619047616,0.6677115987460815,0,1,0.33812949640287776,1,0.5,1,1,1
0.12244897959183676,1,1,0.17142857142857149,0.42319749216300934,0,1,0.6258992805755395,0,0.3333333333333333,2,0,0
0.5306122448979591,1,0,0.47619047619047616,0.4921630094043887,0,1,0.20143884892086333,1,0.5,1,1,1
0.3877551020408163,0,2,0.47619047619047616,0.47021943573667707,0,1,0.5899280575539567,0,0.6666666666666666,1,0,1
0.346938775510204,1,0,0.38095238095238104,0.438871473354232,0,1,0.553956834532374,0,0.3333333333333333,2,0,1
0.08163265306122447,0,1,0.23809523809523803,0.3542319749216301,0,1,0.7338129496402879,0,0.3333333333333333,2,0,0
0.5510204081632653,1,0,0.5714285714285715,0.3636363636363636,0,1,0.4820143884892087,1,0.8333333333333333,1,1,1
0.5510204081632653,1,2,0.38095238095238104,0.42319749216300934,0,0,0.5107913669064748,0,0.3333333333333333,2,0,1
0.346938775510204,0,1,0.9523809523809524,0.6583072100313478,0,1,0.8417266187050361,0,0.3333333333333333,2,0,1
0.6326530612244898,1,2,0.9523809523809524,0.40125391849529773,0,1,0.2661870503597123,0,0.3333333333333333,2,0,1
0.46938775510204067,1,2,0.5238095238095238,0.2351097178683385,0,1,0.6258992805755395,0,0.6666666666666666,1,1,1
0.4897959183673468,1,0,0.8571428571428573,0.43260188087774293,0,1,0.45323741007194246,1,0.5833333333333333,1,1,1
0.5918367346938775,0,0,0.9523809523809524,0.8213166144200628,0,2,0.45323741007194246,1,0.4666666666666667,1,0,1
0.5306122448979591,0,1,0.47619047619047616,0.5266457680250782,0,2,0.6618705035971222,0,0.3333333333333333,2,0,1
0.6530612244897958,1,2,0.38095238095238104,0.5047021943573666,0,0,0.5179856115107915,0,0.3333333333333333,2,0,1
0.4285714285714285,1,0,0.6666666666666666,0.4294670846394984,0,1,0.42446043165467634,0,0.6666666666666666,1,1,1
0.46938775510204067,0,2,0.47619047619047616,0.42319749216300934,0,1,0.6978417266187049,1,0.6666666666666666,2,0,1
0.5510204081632653,0,1,0.2857142857142857,0.8119122257053291,0,2,0.6978417266187049,0,0.3333333333333333,2,0,1
0.2857142857142857,1,0,0.5714285714285715,0.8557993730407523,0,1,0.7697841726618706,0,0.3333333333333333,2,0,1
0.46938775510204067,0,2,0.2857142857142857,0.329153605015674,0,1,0.4100719424460432,0,0.3333333333333333,2,0,1
0.6326530612244898,1,0,0.5714285714285715,0.26332288401253917,0,1,0.553956834532374,0,0.3333333333333333,2,0,1
0.510204081632653,1,1,0.38095238095238104,0.3009404388714733,0,1,0.4964028776978418,0,0.3333333333333333,2,0,1
0.40816326530612246,0,1,0.5047619047619049,0.6990595611285266,0,2,0.6690647482014389,0,0.6666666666666666,2,0,1
0.16326530612244894,1,1,0.38095238095238104,0.2539184952978056,0,1,0.8417266187050361,0,0.3333333333333333,2,0,0
0.40816326530612246,1,2,0.2857142857142857,0.3949843260188088,0,1,0.539568345323741,0,0.3333333333333333,2,0,1
0.3877551020408163,0,1,0.5714285714285715,0.5391849529780564,0,1,0.5179856115107915,0,0.5,2,0,1
0.510204081632653,1,0,0.47619047619047616,0.30407523510971785,0,1,0.6115107913669064,0,0.3333333333333333,2,0,1
0.7551020408163265,1,0,0.33333333333333337,0.5004244161126845,0,1,0.21582733812949645,1,0.3333333333333333,1,1,2
0.08163265306122447,1,3,0.1428571428571429,0.5004244161126845,1,1,0.4604316546762591,0,0.44999999999999996,2,1,0
0.6734693877551019,1,0,0.23809523809523803,0.5004244161126845,1,1,0.33812949640287776,1,0.5833333333333333,2,1,2
0.44897959183673475,1,0,0.6190476190476192,0.5004244161126845,1,1,0.5467625899280575,1,0.44999999999999996,1,1,1
0.5918367346938775,1,0,0.2857142857142857,0.5004244161126845,1,2,0.4892086330935252,1,0.5666666666666667,2,1,1
0.46938775510204067,1,0,0.2857142857142857,0.5004244161126845,1,1,0.20863309352517984,0,0.3333333333333333,1,1,1
0.3877551020408163,1,0,0.2857142857142857,0.5004244161126845,1,2,0.618705035971223,0,0.6833333333333333,2,1,1
0.6530612244897958,1,0,0.761904761904762,0.5004244161126845,1,1,0.618705035971223,0,0.39999999999999997,1,1,1
0.5510204081632653,1,1,0.5714285714285715,0.5004244161126845,0,2,0.6258992805755395,0,0.36666666666666664,2,0,1
0.510204081632653,1,0,0.4285714285714287,0.5004244161126845,1,1,0.4100719424460432,0,0.5833333333333333,2,1,1
0.693877551020408,0,0,0.38095238095238104,0.5004244161126845,1,2,0.43165467625899284,1,0.6166666666666667,0,1,2
0.46938775510204067,1,0,0.1428571428571429,0.5004244161126845,1,1,0.45323741007194246,0,0.7,1,1,1
0.46938775510204067,0,0,0.38095238095238104,0.5004244161126845,1,1,0.4604316546762591,1,0.5833333333333333,2,1,1
0.5510204081632653,1,0,0.33333333333333337,0.5004244161126845,1,1,0.6618705035971222,0,0.35,1,1,1
0.510204081632653,1,1,0.47619047619047616,0.5004244161126845,0,2,0.4100719424460432,0,0.44999999999999996,0,0,1
0.6122448979591837,1,0,0.33333333333333337,0.5004244161126845,1,1,0.539568345323741,0,0.41666666666666663,2,1,1
0.5918367346938775,1,0,0.1428571428571429,0.5004244161126845,1,1,0.8561151079136691,0,0.44999999999999996,0,1,1
0.7551020408163265,1,0,0.7142857142857143,0.5004244161126845,0,1,0.6546762589928057,0,0.5,2,0,2
0.6530612244897958,1,0,0.4285714285714287,0.5004244161126845,1,1,0.33812949640287776,0,0.35,2,1,1
0.26530612244897955,1,0,0.4285714285714287,0.5004244161126845,1,1,0.8129496402877698,0,0.6,2,1,1
0.12244897959183676,1,0,0.33333333333333337,0.5004244161126845,1,1,0.6546762589928057,0,0.36666666666666664,2,1,0
0.510204081632653,1,0,0.0,0.5004244161126845,0,1,0.5611510791366907,1,0.6666666666666666,0,0,1
0.9387755102040816,1,1,0.6190476190476192,0.5004244161126845,1,2,0.43165467625899284,0,0.55,2,1,2
0.5918367346938775,1,2,0.23809523809523803,0.5004244161126845,1,1,0.6115107913669064,0,0.3833333333333333,1,1,1
0.5714285714285714,1,0,0.5714285714285715,0.5004244161126845,1,1,0.4172661870503597,1,0.6333333333333333,2,1,1
0.6734693877551019,1,0,0.47619047619047616,0.5004244161126845,1,1,0.10071942446043164,0,0.75,1,1,2
0.8163265306122449,1,0,0.6190476190476192,0.5004244161126845,1,1,0.525179856115108,0,0.6333333333333333,2,1,2
0.6326530612244898,1,2,0.4285714285714287,0.5004244161126845,1,1,0.8057553956834533,0,0.7666666666666666,1,1,1
0.7142857142857142,1,0,0.19047619047619047,0.5004244161126845,1,1,0.33093525179856115,0,0.18333333333333332,1,1,2
0.20408163265306123,0,0,0.23809523809523803,0.5004244161126845,1,1,0.7410071942446044,0,0.7999999999999999,2,1,0
0.693877551020408,1,0,0.33333333333333337,0.5004244161126845,1,1,0.4676258992805756,1,0.75,0,1,2
0.2857142857142857,1,0,0.23809523809523803,0.5004244161126845,1,1,0.4676258992805756,1,0.08333333333333331,0,1,1
0.346938775510204,1,2,0.2857142857142857,0.5004244161126845,0,1,0.539568345323741,0,0.31666666666666665,2,0,1
0.6326530612244898,1,0,0.4285714285714287,0.5004244161126845,1,1,0.4028776978417266,1,0.4833333333333333,2,1,1
0.4897959183673468,1,0,0.1428571428571429,0.5004244161126845,1,1,0.13669064748201437,1,0.4666666666666667,1,1,1
0.6530612244897958,1,0,0.47619047619047616,0.5004244161126845,1,2,0.4820143884892087,1,0.5166666666666666,0,1,1
0.6530612244897958,1,2,0.33333333333333337,0.5004244161126845,1,1,0.5755395683453237,0,0.7333333333333333,2,1,1
0.5714285714285714,1,0,0.33333333333333337,0.5004244161126845,1,2,0.13669064748201437,0,0.16666666666666666,2,1,1
0.20408163265306123,1,2,0.19047619047619047,0.5004244161126845,0,1,0.8345323741007193,0,0.14999999999999997,2,0,0
0.2448979591836734,1,0,0.1428571428571429,0.5004244161126845,1,2,0.5827338129496402,0,0.3333333333333333,2,1,0
0.46938775510204067,1,0,0.47619047619047616,0.5004244161126845,1,1,0.7697841726618706,0,0.21666666666666667,2,1,1
0.693877551020408,1,3,0.38095238095238104,0.5004244161126845,1,0,0.5107913669064748,0,0.19999999999999998,1,1,2
0.8979591836734693,1,2,0.761904761904762,0.5004244161126845,0,0,0.3669064748201439,0,0.6,1,0,2
0.7142857142857142,1,0,0.6666666666666666,0.5004244161126845,1,2,0.6546762589928057,0,0.95,2,1,2
0.7142857142857142,1,0,0.5714285714285715,0.5004244161126845,1,0,0.618705035971223,0,0.6666666666666666,2,1,2
0.7346938775510203,0,0,0.1428571428571429,0.5004244161126845,1,1,0.5899280575539567,0,0.5166666666666666,0,1,2
0.30612244897959184,1,0,0.19047619047619047,0.5004244161126845,1,1,0.42446043165467634,0,0.5833333333333333,0,1,1
0.7346938775510203,1,0,0.2857142857142857,0.5004244161126845,1,1,0.3669064748201439,1,0.55,0,1,2
0.6734693877551019,1,0,0.2857142857142857,0.5004244161126845,1,1,0.3597122302158274,0,0.5666666666666667,1,1,2
0.4897959183673468,1,0,0.47619047619047616,0.5004244161126845,1,1,0.4100719424460432,0,0.3333333333333333,1,1,1
0.46938775510204067,1,0,0.38095238095238104,0.5004244161126845,1,1,0.2949640287769784,0,0.3333333333333333,1,1,1
0.8367346938775508,1,0,0.5238095238095238,0.5004244161126845,0,1,0.4820143884892087,0,0.3333333333333333,1,1,2
0.6326530612244898,1,0,0.38095238095238104,0.5004244161126845,0,1,0.3741007194244605,0,0.3333333333333333,1,1,1
0.40816326530612246,1,0,0.33333333333333337,0.5004244161126845,1,1,0.4676258992805756,0,0.3333333333333333,1,1,1
0.8367346938775508,1,0,0.5428571428571428,0.5004244161126845,0,2,0.2949640287769784,1,0.6,1,1,2
0.16326530612244894,1,0,0.2857142857142857,0.5004244161126845,1,1,0.44604316546762596,1,0.5,1,1,0
0.510204081632653,1,0,0.38095238095238104,0.5004244161126845,1,1,0.4100719424460432,0,0.3333333333333333,1,1,1
0.30612244897959184,1,0,0.5714285714285715,0.5004244161126845,0,2,0.553956834532374,1,0.41666666666666663,2,1,1
0.5714285714285714,1,0,0.38095238095238104,0.5004244161126845,0,2,0.2661870503597123,1,0.16666666666666666,0,1,1
0.6122448979591837,1,0,0.47619047619047616,0.5004244161126845,0,2,0.2661870503597123,1,0.5,1,1,1
0.5510204081632653,1,0,0.38095238095238104,0.5004244161126845,0,2,0.20863309352517984,0,0.3833333333333333,2,1,1
0.7959183673469388,1,3,0.6190476190476192,0.5004244161126845,0,0,0.44604316546762596,0,0.3333333333333333,1,1,2
0.36734693877551017,1,0,0.33333333333333337,0.5004244161126845,0,1,0.3597122302158274,1,0.5833333333333333,1,1,1
0.510204081632653,1,1,0.38095238095238104,0.5004244161126845,0,1,0.23021582733812956,0,0.3333333333333333,1,1,1
0.20408163265306123,1,2,0.33333333333333337,0.5004244161126845,0,1,0.4676258992805756,1,0.3333333333333333,1,1,0
0.510204081632653,1,2,0.23809523809523803,0.5004244161126845,0,1,0.3741007194244605,0,0.3333333333333333,1,1,1
0.693877551020408,1,2,0.761904761904762,0.5004244161126845,0,1,0.0647482014388489,1,0.3333333333333333,1,1,2
0.3877551020408163,1,0,0.761904761904762,0.5004244161126845,0,1,0.43884892086330934,1,0.3333333333333333,1,1,1
0.5714285714285714,1,2,0.7142857142857143,0.5004244161126845,0,2,0.2589928057553957,0,0.3333333333333333,1,1,1
0.5714285714285714,1,0,0.38095238095238104,0.5004244161126845,0,2,0.6115107913669064,0,0.3333333333333333,1,1,1
0.5714285714285714,1,2,0.38095238095238104,0.5004244161126845,0,1,0.24460431654676257,0,0.3333333333333333,1,0,1
0.6734693877551019,1,0,0.6666666666666666,0.5004244161126845,0,1,0.3884892086330936,1,0.6666666666666666,1,1,2
0.8163265306122449,1,0,0.5238095238095238,0.5004244161126845,0,2,0.4100719424460432,1,0.3333333333333333,2,1,2
0.5918367346938775,1,0,0.5714285714285715,0.5004244161126845,0,1,0.4100719424460432,1,0.6666666666666666,1,1,1
0.7142857142857142,1,0,0.6666666666666666,0.5004244161126845,0,1,0.1654676258992806,1,0.6666666666666666,1,1,2
0.6530612244897958,1,0,0.5238095238095238,0.5004244161126845,0,1,0.0,1,0.41666666666666663,2,1,1
0.7755102040816326,1,0,0.6666666666666666,0.5004244161126845,0,1,0.32374100719424465,1,0.6666666666666666,1,1,2
0.7142857142857142,1,0,1.0,0.5004244161126845,0,1,0.2517985611510792,1,0.3333333333333333,2,1,2
0.6326530612244898,1,0,0.5238095238095238,0.5004244161126845,0,1,0.3741007194244605,1,0.5,1,1,1
0.6734693877551019,1,0,0.4285714285714287,0.5004244161126845,0,1,0.30215827338129503,1,0.3333333333333333,0,1,2
0.9183673469387754,0,2,0.761904761904762,0.5004244161126845,0,2,0.4172661870503597,0,0.3333333333333333,2,1,2
0.3877551020408163,1,2,0.7142857142857143,0.5004244161126845,0,1,0.3956834532374101,1,0.5,1,1,1
0.7551020408163265,1,0,0.761904761904762,0.5004244161126845,1,2,0.42446043165467634,0,0.5333333333333333,1,1,2
0.857142857142857,1,0,0.5714285714285715,0.5004244161126845,1,1,0.6762589928057554,1,0.6666666666666666,1,1,2
0.44897959183673475,1,0,0.38095238095238104,0.5004244161126845,0,2,0.6690647482014389,1,0.3333333333333333,2,1,1
0.6530612244897958,1,0,0.761904761904762,0.5004244161126845,0,2,0.2589928057553957,1,0.41666666666666663,1,1,1
0.44897959183673475,1,0,0.33333333333333337,0.5004244161126845,0,1,0.4100719424460432,1,0.41666666666666663,1,1,1
0.30612244897959184,1,0,0.33333333333333337,0.5004244161126845,0,1,0.5899280575539567,1,0.6666666666666666,1,1,1
0.20408163265306123,0,0,0.2857142857142857,0.5004244161126845,0,1,0.6690647482014389,0,0.3333333333333333,1,1,0
0.5306122448979591,1,0,0.38095238095238104,0.5004244161126845,0,1,0.6618705035971222,0,0.3333333333333333,1,1,1
0.6734693877551019,1,0,0.6666666666666666,0.5004244161126845,0,1,0.30215827338129503,1,0.3333333333333333,1,1,2
0.2857142857142857,1,0,0.6190476190476192,0.5004244161126845,0,1,0.2589928057553957,1,0.3333333333333333,1,1,1
0.510204081632653,1,0,0.47619047619047616,0.5004244161126845,0,0,0.5179856115107915,1,0.5,1,1,1
0.5510204081632653,1,0,0.5714285714285715,0.5004244161126845,0,1,0.14388489208633098,0,0.3333333333333333,1,1,1
0.6734693877551019,1,0,0.761904761904762,0.5004244161126845,1,2,0.5899280575539567,0,0.5,1,1,2
0.857142857142857,1,0,0.33333333333333337,0.5004244161126845,0,2,0.20863309352517984,1,0.3333333333333333,1,1,2
0.6734693877551019,1,0,0.47619047619047616,0.5004244161126845,0,0,0.3741007194244605,0,0.3333333333333333,1,1,2
0.20408163265306123,1,0,0.6666666666666666,0.5004244161126845,1,1,0.4100719424460432,1,0.44999999999999996,1,1,0
0.5918367346938775,1,0,0.761904761904762,0.5004244161126845,1,1,0.2517985611510792,1,0.6666666666666666,1,1,1
0.20408163265306123,1,0,0.5238095238095238,0.5004244161126845,1,1,0.6258992805755395,0,0.3333333333333333,1,1,0
0.693877551020408,0,3,0.5714285714285715,0.5004244161126845,1,1,0.5755395683453237,0,0.3333333333333333,1,1,2
0.6122448979591837,1,0,0.8571428571428573,0.5004244161126845,1,2,0.30215827338129503,1,0.3333333333333333,1,1,1
0.4897959183673468,1,0,0.8095238095238096,0.5004244161126845,1,1,0.42446043165467634,1,0.5,2,1,1
0.44897959183673475,0,0,0.761904761904762,0.5004244161126845,1,1,0.33812949640287776,0,0.3333333333333333,1,1,1
0.46938775510204067,1,0,0.47619047619047616,0.5004244161126845,1,2,0.7194244604316546,0,0.3333333333333333,1,1,1
0.7551020408163265,1,0,0.6190476190476192,0.5004244161126845,1,2,0.028776978417266175,0,0.44999999999999996,1,1,2
0.4897959183673468,1,0,0.5238095238095238,0.5004244161126845,1,1,0.4676258992805756,1,0.6666666666666666,1,1,1
0.3877551020408163,1,2,0.2857142857142857,0.5004244161126845,1,1,0.4100719424460432,1,0.3333333333333333,1,1,1
0.1428571428571428,1,0,0.38095238095238104,0.5004244161126845,1,1,0.4820143884892087,1,0.5333333333333333,1,1,0
0.5918367346938775,1,0,0.5714285714285715,0.5004244161126845,1,1,0.2661870503597123,1,0.3333333333333333,1,1,1
0.693877551020408,1,0,0.33333333333333337,0.5004244161126845,1,1,0.0647482014388489,1,0.25,1,1,2
0.6326530612244898,1,0,0.2857142857142857,0.5004244161126845,1,1,0.22302158273381295,0,0.3333333333333333,1,1,1
0.510204081632653,1,2,0.761904761904762,0.5004244161126845,1,0,0.42446043165467634,1,0.3333333333333333,1,1,1
0.693877551020408,1,0,0.6666666666666666,0.5004244161126845,1,2,0.10791366906474825,0,0.6666666666666666,1,1,2
0.5306122448979591,1,0,0.9523809523809524,0.5004244161126845,1,1,0.6258992805755395,0,0.5833333333333333,1,1,1
0.5714285714285714,1,0,0.4285714285714287,0.5004244161126845,1,1,0.2877697841726619,1,0.5,1,1,1
0.5714285714285714,1,2,0.4285714285714287,0.5004244161126845,1,1,0.2517985611510792,0,0.0,1,1,1
0.5306122448979591,1,0,0.47619047619047616,0.5004244161126845,1,1,0.33812949640287776,1,0.8333333333333333,1,1,1
0.7755102040816326,0,0,0.7142857142857143,0.5004244161126845,1,1,0.19424460431654683,0,0.3333333333333333,1,1,2
0.7142857142857142,1,0,0.5714285714285715,0.5485893416927898,0,2,0.3525179856115109,1,0.8333333333333333,1,1,2
0.3265306122448979,1,0,0.47619047619047616,0.3887147335423197,0,2,0.4604316546762591,0,0.3333333333333333,2,0,1
0.6530612244897958,1,0,0.49523809523809537,0.4169278996865204,0,2,0.553956834532374,1,0.5833333333333333,0,1,1
0.5510204081632653,1,0,0.5904761904761905,0.44827586206896547,0,2,0.618705035971223,1,0.75,2,1,1
0.7755102040816326,1,2,0.2857142857142857,0.40125391849529773,1,0,0.2589928057553957,1,0.55,1,0,2
0.7755102040816326,1,2,0.38095238095238104,0.5004244161126845,0,2,0.4100719424460432,0,0.25,2,0,2
0.7551020408163265,1,0,0.6666666666666666,0.4733542319749216,1,2,0.30215827338129503,1,0.3333333333333333,1,1,2
0.6530612244897958,1,2,0.9523809523809524,0.5004244161126845,0,2,0.553956834532374,1,0.5833333333333333,1,0,1
0.6530612244897958,1,2,0.38095238095238104,0.5004244161126845,1,1,0.5611510791366907,1,0.6666666666666666,2,1,1
0.6530612244897958,1,1,0.761904761904762,0.5705329153605014,1,2,0.6762589928057554,0,0.41666666666666663,1,1,1
0.5714285714285714,1,1,0.4380952380952382,0.2539184952978056,0,2,0.553956834532374,0,0.3333333333333333,2,0,1
0.6326530612244898,1,0,0.5714285714285715,0.5004244161126845,0,2,0.3884892086330936,1,0.5,1,1,1
0.693877551020408,1,0,0.2857142857142857,0.5004244161126845,0,1,0.4100719424460432,1,0.41666666666666663,1,1,2
0.7142857142857142,1,2,0.5047619047619049,0.5004244161126845,0,0,0.4100719424460432,1,0.5,1,1,2
0.5918367346938775,1,0,0.4571428571428572,0.5004244161126845,1,2,0.6115107913669064,1,0.5,1,1,1
0.693877551020408,1,0,0.38095238095238104,0.42319749216300934,0,2,0.1654676258992806,0,0.3333333333333333,2,0,2
0.7142857142857142,1,0,0.8571428571428573,0.2884012539184953,0,1,0.1510791366906475,1,0.75,0,1,2
0.36734693877551017,1,0,0.2857142857142857,0.4733542319749216,0,1,0.44604316546762596,1,0.6666666666666666,1,1,1
0.7142857142857142,1,0,0.4380952380952382,0.5004244161126845,0,2,0.4100719424460432,0,0.5833333333333333,0,0,2
0.6530612244897958,1,0,0.6857142857142858,0.5004244161126845,0,2,0.3956834532374101,1,0.3333333333333333,2,0,1
0.6122448979591837,1,0,0.34285714285714286,0.5004244161126845,0,1,0.43884892086330934,0,0.5,2,1,1
0.7346938775510203,1,0,0.38095238095238104,0.5004244161126845,1,2,0.30935251798561153,0,0.6666666666666666,1,1,2
0.7142857142857142,1,2,0.47619047619047616,0.5004244161126845,0,2,0.34532374100719426,1,0.3333333333333333,1,1,2
0.9387755102040816,1,2,0.5523809523809525,0.5004244161126845,0,1,0.381294964028777,0,0.36666666666666664,2,0,2
0.4897959183673468,1,2,0.4571428571428572,0.5004244161126845,0,2,0.8417266187050361,0,0.8333333333333333,2,1,1
0.8367346938775508,1,0,0.47619047619047616,0.5004244161126845,1,2,0.4748201438848921,0,0.5,1,1,2
0.46938775510204067,1,0,0.4571428571428572,0.5004244161126845,1,2,0.44604316546762596,1,0.5333333333333333,1,1,1
0.6530612244897958,1,0,0.47619047619047616,0.31661442006269586,1,2,0.553956834532374,1,0.41666666666666663,1,1,1
0.5714285714285714,1,0,0.38095238095238104,0.04702194357366768,0,1,0.4100719424460432,1,0.5833333333333333,1,1,1
0.5510204081632653,1,2,0.5333333333333333,0.44827586206896547,0,2,0.43884892086330934,1,0.6,1,1,1
0.5306122448979591,1,0,0.47619047619047616,0.5004244161126845,0,2,0.3884892086330936,1,0.5666666666666667,1,1,1
1.0,1,0,0.419047619047619,0.26959247648902823,0,2,0.33812949640287776,1,0.6666666666666666,2,1,2
0.7142857142857142,1,0,0.761904761904762,0.45454545454545453,1,1,0.30215827338129503,1,0.5,1,1,2
0.4897959183673468,1,2,0.4,0.5004244161126845,0,1,0.33812949640287776,1,0.6666666666666666,0,1,1
0.7346938775510203,1,0,0.6095238095238095,0.5004244161126845,0,2,0.42446043165467634,1,0.5,1,1,2
0.6530612244897958,1,0,0.5714285714285715,0.6144200626959246,0,2,0.3956834532374101,1,0.5833333333333333,1,1,1
0.6530612244897958,1,0,0.38095238095238104,0.5004244161126845,0,1,0.5035971223021583,1,0.6666666666666666,2,0,1
0.6122448979591837,1,0,0.5333333333333333,0.36990595611285265,1,1,0.43165467625899284,1,0.5333333333333333,1,1,1
0.6326530612244898,1,0,0.7047619047619048,0.5004244161126845,0,2,0.4892086330935252,1,0.5833333333333333,2,0,1
0.6734693877551019,1,2,0.38095238095238104,0.5004244161126845,0,1,0.12230215827338126,1,0.3333333333333333,1,1,2
0.2448979591836734,1,0,0.4285714285714287,0.5004244161126845,1,1,0.7338129496402879,0,0.3333333333333333,1,1,0
0.6734693877551019,1,0,0.5142857142857143,0.5004244161126845,1,2,0.1654676258992806,0,0.5833333333333333,1,1,2
0.26530612244897955,1,0,0.22857142857142854,0.5004244161126845,0,2,0.34532374100719426,0,0.3333333333333333,2,0,1
0.5918367346938775,1,0,0.561904761904762,0.6018808777429467,1,2,0.3956834532374101,1,0.6499999999999999,1,1,1
0.7142857142857142,1,0,0.5333333333333333,0.5004244161126845,0,1,0.1510791366906475,1,0.3333333333333333,1,1,2
0.6326530612244898,1,0,0.4,0.463949843260188,0,1,0.3884892086330936,1,0.55,0,1,1
0.46938775510204067,1,0,0.4571428571428572,0.5004244161126845,0,1,0.31654676258992803,0,0.3333333333333333,2,0,1
0.6326530612244898,1,2,0.48571428571428565,0.5004244161126845,0,1,0.4676258992805756,1,0.6666666666666666,0,1,1
0.2857142857142857,1,2,0.5142857142857143,0.4858934169278996,0,1,0.6978417266187049,0,0.3333333333333333,2,0,1
0.5510204081632653,1,2,0.38095238095238104,0.5004244161126845,0,2,0.44604316546762596,1,0.75,1,1,1
0.7142857142857142,0,1,0.49523809523809537,0.5004244161126845,0,1,0.4820143884892087,0,0.35,2,0,2
0.693877551020408,1,0,0.6857142857142858,0.21316614420062696,0,2,0.24460431654676257,1,0.6,2,1,2
0.5714285714285714,1,1,0.419047619047619,0.43573667711598746,1,1,0.7050359712230216,0,0.6666666666666666,1,0,1
0.510204081632653,1,0,0.4380952380952382,0.5004244161126845,0,1,0.30935251798561153,0,0.3333333333333333,1,1,1
0.8163265306122449,1,0,0.5523809523809525,0.5004244161126845,0,1,0.4820143884892087,1,0.8333333333333333,1,1,2
0.510204081632653,1,0,0.7047619047619048,0.5004244161126845,1,2,0.553956834532374,1,0.5833333333333333,1,1,1
0.6530612244897958,1,2,0.580952380952381,0.7241379310344827,1,2,0.42446043165467634,1,0.6166666666666667,1,1,1
0.693877551020408,1,1,0.48571428571428565,0.5004244161126845,0,1,0.4820143884892087,0,0.35,2,0,2
0.6326530612244898,1,0,0.9333333333333335,0.5004244161126845,1,0,0.4100719424460432,1,0.3333333333333333,1,1,1
0.46938775510204067,1,0,0.49523809523809537,0.4169278996865204,1,0,0.5467625899280575,0,0.35,2,0,1
0.6734693877551019,1,0,0.2857142857142857,0.5004244161126845,1,1,0.32374100719424465,1,0.6666666666666666,0,1,2
0.5918367346938775,1,0,0.47619047619047616,0.7084639498432601,1,2,0.6115107913669064,1,0.6666666666666666,1,1,1
0.5714285714285714,1,2,0.8571428571428573,0.5004244161126845,0,0,0.43165467625899284,1,0.75,1,1,1
0.6122448979591837,1,1,0.4380952380952382,0.5004244161126845,1,1,0.33812949640287776,1,0.6666666666666666,1,1,1
0.8367346938775508,1,2,0.5714285714285715,0.5004244161126845,1,2,0.3956834532374101,0,0.75,0,1,2
0.7959183673469388,1,3,0.5904761904761905,0.5799373040752351,1,1,0.44604316546762596,0,0.75,2,1,2
0.6122448979591837,1,0,0.38095238095238104,0.5004244161126845,0,0,0.30935251798561153,1,0.5833333333333333,0,1,1
0.7551020408163265,1,0,0.5142857142857143,0.5004244161126845,0,1,0.3525179856115109,1,0.5166666666666666,1,1,2
0.7142857142857142,1,1,0.561904761904762,0.41379310344827586,1,2,0.4676258992805756,1,0.5333333333333333,1,1,2
0.5510204081632653,1,1,0.2857142857142857,0.40438871473354226,1,2,0.8417266187050361,0,0.39999999999999997,2,0,1
0.5918367346938775,1,0,0.5714285714285715,0.40438871473354226,0,2,0.5827338129496402,1,0.6666666666666666,1,1,1
0.7551020408163265,1,3,0.5714285714285715,0.5235109717868338,0,1,0.5179856115107915,0,0.3833333333333333,2,0,2
0.5306122448979591,1,0,0.5333333333333333,0.42319749216300934,0,1,0.553956834532374,1,0.8333333333333333,1,1,1
0.8979591836734693,1,2,0.38095238095238104,0.40438871473354226,0,1,0.2805755395683453,1,0.5,1,1,2
0.9591836734693877,1,0,0.8571428571428573,0.36990595611285265,1,2,0.32374100719424465,0,0.3333333333333333,1,1,2
0.4285714285714285,1,3,0.47619047619047616,0.5004244161126845,0,2,0.5899280575539567,0,0.8333333333333333,1,1,1
0.46938775510204067,1,2,0.5428571428571428,0.7962382445141065,0,1,0.4604316546762591,1,0.6166666666666667,1,1,1
0.6530612244897958,1,0,0.5904761904761905,0.4106583072100313,0,1,0.33812949640287776,1,0.75,1,1,1
0.7346938775510203,0,0,0.5904761904761905,0.5987460815047021,0,1,0.553956834532374,1,0.5,1,1,2
0.6734693877551019,1,0,0.6285714285714287,0.48902821316614414,0,1,0.6115107913669064,1,0.8333333333333333,0,1,2
0.7959183673469388,1,0,0.761904761904762,0.9373040752351098,1,2,0.4820143884892087,1,0.3333333333333333,1,1,2
0.693877551020408,1,0,0.5238095238095238,0.6645768025078369,0,1,0.4820143884892087,1,0.5,1,1,2
0.7551020408163265,1,0,0.5333333333333333,0.5109717868338557,0,1,0.553956834532374,1,1.0,0,1,2
0.7142857142857142,1,0,0.47619047619047616,0.6990595611285266,0,1,0.539568345323741,1,0.6666666666666666,1,1,2
0.8367346938775508,1,0,0.5714285714285715,0.3855799373040752,0,2,0.553956834532374,1,0.6666666666666666,1,1,2
0.46938775510204067,1,0,0.49523809523809537,0.44514106583072094,1,2,0.539568345323741,0,0.36666666666666664,2,0,1
0.693877551020408,1,0,0.742857142857143,0.39184952978056425,1,1,0.3525179856115109,1,0.8333333333333333,0,1,2
0.5510204081632653,1,2,0.5333333333333333,0.5015673981191222,1,2,0.4892086330935252,1,0.5333333333333333,1,1,1
0.9591836734693877,1,0,0.5333333333333333,0.438871473354232,0,1,0.3525179856115109,1,0.8333333333333333,1,1,2
0.2448979591836734,1,2,0.24761904761904774,0.4858934169278996,0,1,0.12230215827338126,1,0.3333333333333333,2,0,0
0.7959183673469388,1,0,0.38095238095238104,0.5004244161126845,1,1,0.6258992805755395,0,0.5833333333333333,0,1,2
0.6122448979591837,1,0,0.2857142857142857,0.3542319749216301,0,1,0.33812949640287776,0,0.3333333333333333,1,1,1
0.6530612244897958,1,0,0.5333333333333333,0.3448275862068965,0,1,0.45323741007194246,0,0.3833333333333333,2,0,1
0.7142857142857142,1,0,0.761904761904762,0.5705329153605014,1,2,0.17985611510791372,1,0.6666666666666666,1,1,2
0.1428571428571428,1,2,0.4095238095238095,0.23824451410658304,0,2,0.6474820143884892,0,0.31666666666666665,2,0,0
0.693877551020408,1,3,0.3047619047619049,0.542319749216301,0,2,0.6258992805755395,1,0.55,1,1,2
0.30612244897959184,1,0,0.4,0.5004244161126845,0,1,0.4100719424460432,0,0.41666666666666663,2,1,1
0.7142857142857142,1,2,0.47619047619047616,0.5004244161126845,1,2,0.6978417266187049,0,0.8333333333333333,1,0,2
0.8163265306122449,1,2,0.6666666666666666,0.3448275862068965,1,1,0.4964028776978418,0,0.3333333333333333,1,1,2
0.7551020408163265,1,0,0.6666666666666666,0.47021943573667707,0,1,0.4100719424460432,1,0.5833333333333333,1,1,2
0.40816326530612246,1,2,0.20952380952380956,0.5004244161126845,1,2,0.33812949640287776,1,0.5,0,1,1
0.7142857142857142,1,0,0.1523809523809524,0.6896551724137931,0,2,0.4172661870503597,1,0.5,2,1,2
0.7346938775510203,1,0,0.47619047619047616,0.43260188087774293,0,2,0.4676258992805756,0,0.41666666666666663,1,0,2
0.6734693877551019,1,0,0.38095238095238104,0.6175548589341693,0,2,0.5179856115107915,1,1.0,0,1,2
0.44897959183673475,1,0,0.6095238095238095,0.8275862068965518,0,0,0.4100719424460432,1,0.5,2,1,1
0.6326530612244898,1,0,0.419047619047619,0.2351097178683385,0,1,0.3884892086330936,1,0.5,1,1,1
0.5510204081632653,1,0,0.6666666666666666,0.2351097178683385,0,2,0.6258992805755395,0,0.3333333333333333,2,0,1
0.346938775510204,1,2,0.47619047619047616,0.4733542319749216,0,1,0.5827338129496402,0,0.35,2,0,1
0.7551020408163265,1,0,0.6095238095238095,0.7115987460815048,0,0,0.3597122302158274,1,0.6166666666666667,1,1,2
0.6734693877551019,1,1,0.561904761904762,0.6206896551724137,0,1,0.5179856115107915,0,0.3833333333333333,2,0,2
0.4285714285714285,1,2,0.48571428571428565,0.1786833855799373,0,1,0.4604316546762591,1,0.5833333333333333,1,1,1
0.8979591836734693,1,0,0.6,0.3949843260188088,0,1,0.33093525179856115,1,0.5666666666666667,1,1,2
0.44897959183673475,1,0,0.5047619047619049,0.4169278996865204,0,1,0.4676258992805756,1,0.5166666666666666,1,1,1
0.7346938775510203,1,0,0.6,0.6927899686520376,1,2,0.3741007194244605,1,0.6333333333333333,1,1,2
0.5510204081632653,1,0,0.34285714285714286,0.31661442006269586,1,2,0.2805755395683453,0,0.3333333333333333,1,1,1
0.7142857142857142,1,0,0.2857142857142857,0.5235109717868338,0,2,0.553956834532374,1,0.6666666666666666,1,1,2
0.6326530612244898,1,0,0.4285714285714287,0.4294670846394984,0,1,0.5179856115107915,1,0.75,0,1,1
0.5714285714285714,1,0,0.47619047619047616,0.5004244161126845,0,0,0.42446043165467634,1,0.5,1,1,1
0.693877551020408,1,2,0.5047619047619049,0.5004244161126845,1,2,0.4028776978417266,1,0.5333333333333333,1,1,2
0.9387755102040816,1,0,0.6666666666666666,0.542319749216301,1,2,0.4820143884892087,1,1.0,0,1,2
0.5306122448979591,1,0,0.47619047619047616,0.3667711598746081,1,1,0.3525179856115109,1,0.6666666666666666,1,1,1
0.5918367346938775,1,0,0.2857142857142857,0.3510971786833856,0,0,0.2661870503597123,0,0.3333333333333333,2,0,1
0.693877551020408,1,2,0.5523809523809525,0.3730407523510972,0,2,0.42446043165467634,1,0.5333333333333333,1,1,2
0.9795918367346939,1,2,0.22857142857142854,0.08777429467084635,0,0,0.4100719424460432,0,0.9166666666666665,0,1,2
0.5306122448979591,0,0,0.5523809523809525,0.592476489028213,0,1,0.30215827338129503,1,0.5833333333333333,1,1,1
0.857142857142857,1,0,0.8571428571428573,0.33542319749216304,0,2,0.4748201438848921,1,0.8333333333333333,0,1,2
0.6734693877551019,0,1,0.5714285714285715,0.6677115987460815,1,1,0.4100719424460432,1,0.3333333333333333,2,0,2
0.40816326530612246,1,0,0.49523809523809537,0.5862068965517242,0,2,0.5467625899280575,0,0.36666666666666664,2,0,1
0.40816326530612246,1,2,0.49523809523809537,0.42319749216300934,1,2,0.7122302158273381,0,0.3333333333333333,1,1,1
0.6734693877551019,1,3,0.5904761904761905,0.36050156739811906,1,2,0.2661870503597123,0,0.5833333333333333,0,1,2
0.7755102040816326,1,0,0.3047619047619049,0.5517241379310345,0,1,0.553956834532374,0,0.5833333333333333,2,1,2
0.8163265306122449,1,3,0.561904761904762,0.3009404388714733,1,2,0.5179856115107915,0,0.36666666666666664,2,0,2
0.5510204081632653,1,0,0.8761904761904763,0.5485893416927898,0,1,0.07194244604316552,0,0.6666666666666666,1,1,1
0.693877551020408,1,2,0.38095238095238104,0.42319749216300934,0,0,0.1654676258992806,0,0.3333333333333333,2,0,2
0.8775510204081631,1,2,0.6095238095238095,0.42633228840125387,0,1,0.32374100719424465,1,0.6333333333333333,1,1,2
0.9387755102040816,1,3,0.6190476190476192,0.4106583072100313,1,1,0.381294964028777,1,0.6333333333333333,1,1,2
0.510204081632653,1,2,0.7142857142857143,0.28213166144200624,1,2,0.6978417266187049,0,0.3833333333333333,2,0,1
0.6122448979591837,1,2,0.6666666666666666,0.4200626959247648,0,2,0.3956834532374101,1,0.3333333333333333,1,1,1
0.9591836734693877,1,0,0.761904761904762,0.7053291536050157,1,1,0.3525179856115109,1,0.6666666666666666,0,0,2
0.5714285714285714,1,2,0.5428571428571428,0.3855799373040752,1,2,0.42446043165467634,1,0.6333333333333333,1,1,1
0.6122448979591837,1,2,0.5428571428571428,0.4608150470219436,0,2,0.43884892086330934,1,0.5666666666666667,1,1,1
0.7346938775510203,1,0,0.5142857142857143,0.5893416927899686,0,1,0.2805755395683453,1,1.0,0,1,2
0.5306122448979591,1,2,0.5047619047619049,0.36990595611285265,0,2,0.5323741007194245,0,0.36666666666666664,2,0,1
0.5306122448979591,1,1,0.49523809523809537,0.30407523510971785,0,2,0.5611510791366907,0,0.35,2,0,1
0.6326530612244898,1,0,0.5714285714285715,0.592476489028213,0,1,0.6546762589928057,1,0.6666666666666666,1,0,1
0.5510204081632653,1,0,0.5238095238095238,0.3730407523510972,1,2,0.45323741007194246,1,0.5166666666666666,1,1,1
0.5918367346938775,1,0,0.6095238095238095,0.5799373040752351,1,2,0.6978417266187049,1,0.6666666666666666,1,1,1
0.6734693877551019,1,0,0.580952380952381,0.6489028213166144,0,2,0.3741007194244605,1,0.6166666666666667,1,1,2
0.26530612244897955,1,0,0.6666666666666666,0.26959247648902823,0,1,0.4676258992805756,1,0.5833333333333333,1,0,1
0.8775510204081631,1,0,0.47619047619047616,0.42633228840125387,0,2,0.3741007194244605,1,0.3333333333333333,1,1,2
0.20408163265306123,1,0,0.2857142857142857,0.6394984326018809,0,1,0.30215827338129503,1,0.5833333333333333,0,1,0
0.5510204081632653,1,0,0.742857142857143,0.41379310344827586,0,1,0.33812949640287776,1,0.75,1,1,1
0.5714285714285714,1,0,0.4571428571428572,0.43260188087774293,0,2,0.4028776978417266,1,0.6666666666666666,0,1,1
0.8367346938775508,1,0,0.5714285714285715,0.07836990595611282,1,1,0.33093525179856115,1,0.5833333333333333,1,1,2
0.7346938775510203,1,0,0.6666666666666666,0.33855799373040746,0,2,0.5179856115107915,1,0.41666666666666663,1,1,2
0.8979591836734693,1,0,0.761904761904762,0.11912225705329149,1,0,0.4820143884892087,0,0.5833333333333333,1,1,2
0.8367346938775508,1,0,0.5904761904761905,0.39184952978056425,1,2,0.3525179856115109,1,0.5833333333333333,1,1,2
0.5714285714285714,1,0,0.5428571428571428,0.6175548589341693,1,1,0.45323741007194246,1,0.5333333333333333,1,1,1
0.693877551020408,1,0,0.561904761904762,0.2664576802507837,0,2,0.4100719424460432,1,0.8333333333333333,1,1,2
0.7959183673469388,1,0,0.6285714285714287,0.890282131661442,0,1,0.33812949640287776,1,0.6499999999999999,1,1,2
0.5918367346938775,1,0,0.7238095238095238,0.2758620689655172,0,0,0.4028776978417266,1,0.8333333333333333,0,1,1
0.8367346938775508,1,0,0.6190476190476192,0.6394984326018809,1,2,0.33812949640287776,1,0.6333333333333333,1,1,2
0.46938775510204067,1,0,0.48571428571428565,0.21003134796238243,1,0,0.4820143884892087,1,0.5,1,1,1
0.40816326530612246,1,0,0.5714285714285715,0.3855799373040752,0,1,0.6906474820143884,1,0.5833333333333333,2,1,1
0.8367346938775508,1,0,0.4,0.4106583072100313,1,0,0.1510791366906475,1,0.3333333333333333,1,1,2
0.8367346938775508,1,2,0.5904761904761905,0.5830721003134796,0,0,0.45323741007194246,0,0.3833333333333333,2,0,2
0.7346938775510203,1,0,0.580952380952381,0.49843260188087773,1,2,0.381294964028777,1,0.5833333333333333,1,1,2
0.5918367346938775,1,1,0.9523809523809524,0.6269592476489028,1,2,0.4100719424460432,0,0.4666666666666667,1,1,1
0.510204081632653,1,0,0.419047619047619,0.4952978056426332,0,1,0.42446043165467634,1,0.6666666666666666,1,1,1
0.18367346938775508,1,2,0.36190476190476184,0.4858934169278996,0,0,0.7338129496402879,0,0.5,1,0,0
0.7959183673469388,1,0,0.5714285714285715,0.4200626959247648,0,2,0.42446043165467634,1,0.6666666666666666,1,1,2
0.9387755102040816,1,2,0.5714285714285715,0.47648902821316613,1,1,0.22302158273381295,0,0.3333333333333333,1,1,2
0.7142857142857142,1,1,0.5333333333333333,0.25078369905956116,0,2,0.5035971223021583,0,0.36666666666666664,2,0,2
0.6122448979591837,1,0,0.19047619047619047,0.40125391849529773,0,2,0.33812949640287776,0,0.3333333333333333,2,0,1
0.7346938775510203,1,0,0.47619047619047616,0.542319749216301,1,0,0.4820143884892087,0,0.3333333333333333,1,1,2
0.6122448979591837,1,0,0.761904761904762,0.5360501567398119,1,0,0.3597122302158274,1,0.5,2,1,1
0.6530612244897958,1,0,0.47619047619047616,0.31661442006269586,1,0,0.553956834532374,1,0.41666666666666663,1,1,1
0.5918367346938775,1,0,0.4,0.561128526645768,0,0,0.2661870503597123,0,0.3333333333333333,1,1,1
0.5510204081632653,1,2,0.5047619047619049,0.31347962382445144,0,2,0.525179856115108,0,0.36666666666666664,2,0,1
0.5510204081632653,1,0,0.38095238095238104,0.4420062695924764,0,0,0.4604316546762591,1,0.6166666666666667,0,1,1
0.5714285714285714,1,0,0.47619047619047616,0.36990595611285265,1,1,0.2517985611510792,0,0.5833333333333333,1,1,1
0.5918367346938775,1,0,0.47619047619047616,0.38244514106583066,0,2,0.23741007194244607,1,0.5,1,0,1
0.6734693877551019,1,2,0.5714285714285715,0.6238244514106583,0,1,0.43165467625899284,1,0.55,1,1,2
0.6734693877551019,1,2,0.38095238095238104,0.7899686520376175,0,1,0.2517985611510792,1,0.3333333333333333,1,1,2
0.9387755102040816,1,0,0.7142857142857143,0.7053291536050157,0,1,0.3525179856115109,1,0.5833333333333333,0,1,2
0.8163265306122449,1,2,0.5142857142857143,0.5297805642633229,1,1,0.6330935251798562,1,0.3333333333333333,2,0,2
0.46938775510204067,0,0,0.3238095238095239,0.542319749216301,1,0,0.23741007194244607,0,0.5,2,0,1
0.693877551020408,1,0,0.761904761904762,0.5297805642633229,1,2,0.32374100719424465,1,0.8333333333333333,1,1,2
0.510204081632653,1,0,0.6095238095238095,0.6739811912225704,1,2,0.4676258992805756,1,0.5833333333333333,1,1,1
0.693877551020408,1,0,0.742857142857143,0.2664576802507837,0,2,0.539568345323741,1,0.3333333333333333,1,1,2
0.36734693877551017,1,0,0.5142857142857143,0.7053291536050157,0,1,0.45323741007194246,0,0.3333333333333333,1,1,1
0.5306122448979591,0,0,0.4476190476190477,0.7774294670846396,1,2,0.6546762589928057,0,0.3333333333333333,1,1,1
0.693877551020408,1,3,0.5238095238095238,0.16927899686520376,0,2,0.5323741007194245,0,0.36666666666666664,2,0,2
0.5510204081632653,1,0,0.4,0.43260188087774293,1,2,0.2661870503597123,0,0.3333333333333333,1,1,1
0.6122448979591837,1,0,0.5714285714285715,0.9404388714733543,1,0,0.5179856115107915,0,0.3833333333333333,2,0,1
0.693877551020408,1,1,0.38095238095238104,0.5297805642633229,0,0,0.21582733812949645,1,0.3333333333333333,1,1,2
0.857142857142857,1,0,0.47619047619047616,0.7429467084639498,0,0,0.33093525179856115,0,0.7333333333333333,1,1,2
0.5918367346938775,1,1,0.419047619047619,0.5517241379310345,0,1,0.5611510791366907,0,0.3833333333333333,2,1,1
0.7346938775510203,1,0,0.4571428571428572,0.5579937304075235,0,1,0.30215827338129503,1,0.36666666666666664,1,0,2
0.9387755102040816,0,1,0.38095238095238104,0.5768025078369905,0,0,0.4172661870503597,1,0.36666666666666664,2,0,2
0.7551020408163265,1,0,0.38095238095238104,0.2884012539184953,0,1,0.553956834532374,0,0.39999999999999997,2,0,2
0.5714285714285714,1,2,0.47619047619047616,0.5360501567398119,1,0,0.5683453237410072,1,0.4333333333333333,1,1,1
0.6326530612244898,1,0,0.2857142857142857,0.4827586206896552,0,0,0.5683453237410072,1,0.5333333333333333,1,1,1
0.6530612244897958,1,0,0.5714285714285715,0.652037617554859,0,0,0.7697841726618706,0,0.5333333333333333,1,1,1
0.6326530612244898,1,0,0.5238095238095238,0.46708463949843254,0,1,0.7050359712230216,0,0.41666666666666663,1,0,1
0.510204081632653,1,0,0.5904761904761905,0.4420062695924764,0,0,0.34532374100719426,1,0.3333333333333333,2,0,1
0.3265306122448979,1,2,0.5714285714285715,0.47021943573667707,0,0,0.8417266187050361,0,0.3333333333333333,2,0,1
0.6734693877551019,1,3,0.5142857142857143,0.46708463949843254,0,1,0.5899280575539567,0,0.7666666666666666,1,1,2
0.5918367346938775,0,0,0.4571428571428572,0.6833855799373041,0,0,0.6906474820143884,0,0.3333333333333333,2,0,1
0.8775510204081631,0,0,0.3047619047619049,0.2006269592476489,0,1,0.44604316546762596,0,0.6,1,0,2
0.36734693877551017,1,0,0.5714285714285715,0.7084639498432601,0,1,0.4100719424460432,1,0.6333333333333333,1,1,1
0.510204081632653,1,0,0.5714285714285715,0.36990595611285265,1,0,0.6618705035971222,1,0.8499999999999999,0,1,1
0.7346938775510203,1,3,0.2857142857142857,0.3949843260188088,0,0,0.5827338129496402,1,0.6333333333333333,1,0,2
0.2448979591836734,1,3,0.5714285714285715,0.35736677115987453,0,1,0.8273381294964028,1,0.5666666666666667,2,0,0
0.7959183673469388,1,0,0.38095238095238104,0.45141065830721,0,0,0.4748201438848921,1,0.7666666666666666,1,1,2
0.40816326530612246,1,1,0.47619047619047616,0.5015673981191222,0,0,0.8417266187050361,0,0.36666666666666664,1,0,1
0.30612244897959184,1,0,0.33333333333333337,0.6833855799373041,0,1,0.8489208633093526,0,0.5333333333333333,1,0,1
0.3877551020408163,1,0,0.3047619047619049,0.3730407523510972,0,1,0.5755395683453237,0,0.35,2,0,1
0.5306122448979591,0,1,0.49523809523809537,0.6363636363636362,1,0,0.6906474820143884,1,0.3333333333333333,2,0,1
0.40816326530612246,0,2,0.47619047619047616,0.5956112852664577,0,1,0.5467625899280575,0,0.36666666666666664,2,0,1
0.36734693877551017,0,0,0.5523809523809525,0.4952978056426332,0,0,0.6402877697841727,1,0.3333333333333333,1,0,1
0.46938775510204067,0,2,0.38095238095238104,0.6583072100313478,0,0,0.6762589928057554,0,0.4333333333333333,2,0,1
0.6122448979591837,1,2,0.3047619047619049,0.45454545454545453,0,0,0.7338129496402879,0,0.75,1,1,1
0.8775510204081631,0,2,0.2857142857142857,0.5642633228840126,1,0,0.4820143884892087,0,0.3333333333333333,2,0,2
0.5918367346938775,1,2,0.4571428571428572,0.45141065830721,0,0,0.6258992805755395,0,0.39999999999999997,1,1,1
0.7755102040816326,1,0,0.761904761904762,0.44827586206896547,0,0,0.539568345323741,0,0.7166666666666666,2,0,2
0.18367346938775508,0,2,0.38095238095238104,0.4075235109717868,0,1,0.7697841726618706,0,0.3333333333333333,2,0,0
0.6326530612244898,1,0,0.8571428571428573,0.755485893416928,0,0,0.553956834532374,1,0.8999999999999999,0,1,1
0.44897959183673475,1,0,0.6095238095238095,0.36050156739811906,0,0,0.45323741007194246,1,0.4833333333333333,1,1,1
0.40816326530612246,1,0,0.47619047619047616,0.5360501567398119,1,0,0.6258992805755395,1,0.3333333333333333,2,1,1
0.6734693877551019,1,0,0.5714285714285715,0.38244514106583066,0,0,0.539568345323741,1,0.6499999999999999,2,1,2
0.6326530612244898,1,3,0.761904761904762,0.5893416927899686,0,0,0.44604316546762596,0,0.3333333333333333,2,1,1
0.2857142857142857,1,2,0.47619047619047616,0.2978056426332288,0,1,0.6258992805755395,0,0.3333333333333333,2,0,1
0.40816326530612246,1,0,0.4,0.4294670846394984,0,0,0.8848920863309353,0,0.3333333333333333,2,0,1
0.2448979591836734,1,0,0.6857142857142858,0.43260188087774293,0,1,0.8489208633093526,0,0.3333333333333333,2,1,0
0.693877551020408,0,0,0.419047619047619,0.3887147335423197,0,1,0.7194244604316546,0,0.3333333333333333,2,0,2
0.3265306122448979,1,2,0.47619047619047616,0.463949843260188,0,1,0.8345323741007193,1,0.39999999999999997,2,0,1
0.36734693877551017,1,1,0.20000000000000007,0.3510971786833856,1,1,0.6690647482014389,0,0.3333333333333333,2,0,1
0.6326530612244898,1,2,0.4380952380952382,0.4169278996865204,1,1,0.5107913669064748,0,0.7,1,1,1
0.6122448979591837,1,2,0.5714285714285715,0.3949843260188088,1,0,0.7338129496402879,0,0.3333333333333333,2,0,1
0.4285714285714285,1,2,0.36190476190476184,0.2006269592476489,0,0,0.45323741007194246,0,0.4666666666666667,2,1,1
0.3265306122448979,1,0,0.2857142857142857,0.3510971786833856,0,0,0.8201438848920863,0,0.3333333333333333,2,1,1
0.7755102040816326,1,1,0.761904761904762,0.5047021943573666,0,1,0.4100719424460432,1,0.3333333333333333,1,1,2
0.7551020408163265,0,0,0.6666666666666666,0.438871473354232,0,0,0.3669064748201439,0,0.5,1,1,2
0.2857142857142857,1,0,0.5333333333333333,0.7210031347962382,0,1,0.44604316546762596,1,0.6333333333333333,1,1,1
0.4897959183673468,1,1,0.4571428571428572,0.3761755485893417,1,1,0.8705035971223021,0,0.3333333333333333,2,0,1
0.7142857142857142,0,1,0.5714285714285715,0.3448275862068965,0,1,0.8345323741007193,0,0.3333333333333333,2,0,2
0.346938775510204,0,1,0.47619047619047616,0.46708463949843254,0,0,0.8057553956834533,0,0.4333333333333333,1,0,1
0.26530612244897955,0,1,0.23809523809523803,0.3542319749216301,0,1,0.7553956834532374,0,0.3333333333333333,2,0,1
0.6734693877551019,1,0,0.5523809523809525,0.2539184952978056,0,0,0.44604316546762596,1,0.9333333333333333,1,1,2
0.6530612244897958,0,2,0.38095238095238104,0.29153605015673983,1,1,0.23741007194244607,0,0.3333333333333333,2,0,1
0.6326530612244898,0,0,0.8952380952380953,0.5141065830721003,0,1,0.5755395683453237,1,0.3333333333333333,1,1,1
0.693877551020408,1,1,0.38095238095238104,0.6144200626959246,0,0,0.2877697841726619,0,0.5666666666666667,1,1,2
0.5918367346938775,1,2,0.6666666666666666,0.12852664576802508,1,1,0.7913669064748201,0,0.36666666666666664,2,0,1
0.46938775510204067,0,0,0.47619047619047616,0.6896551724137931,0,1,0.5683453237410072,1,0.5333333333333333,1,1,1
0.3265306122448979,1,2,0.38095238095238104,0.4420062695924764,0,1,0.7625899280575539,0,0.3333333333333333,2,0,1
0.6530612244897958,0,3,0.6666666666666666,0.4858934169278996,0,1,0.7769784172661871,0,0.4833333333333333,2,0,1
0.7142857142857142,1,3,0.6190476190476192,0.463949843260188,1,0,0.6258992805755395,0,0.7166666666666666,0,0,2
0.5918367346938775,1,0,0.6666666666666666,0.5987460815047021,0,0,0.3525179856115109,1,0.4333333333333333,1,1,1
0.46938775510204067,1,0,0.5714285714285715,0.5517241379310345,0,0,0.8848920863309353,1,0.3333333333333333,2,0,1
0.6122448979591837,0,1,0.5333333333333333,0.7335423197492164,1,0,0.6402877697841727,0,0.3333333333333333,2,1,1
0.3265306122448979,0,2,0.36190476190476184,0.4921630094043887,0,1,0.618705035971223,0,0.3833333333333333,1,0,1
0.3877551020408163,1,2,0.2666666666666667,0.4952978056426332,0,1,0.6402877697841727,0,0.3333333333333333,2,1,1
0.6734693877551019,1,0,0.38095238095238104,0.5485893416927898,0,1,0.553956834532374,1,0.9333333333333333,1,1,2
0.5918367346938775,0,0,0.38095238095238104,0.8432601880877744,0,1,0.7194244604316546,1,0.4333333333333333,2,0,1
0.857142857142857,1,1,0.7238095238095238,0.5015673981191222,0,0,0.5755395683453237,0,0.3333333333333333,2,0,2
0.9795918367346939,0,2,0.5714285714285715,0.3510971786833856,0,2,0.381294964028777,0,0.5166666666666666,1,0,2
0.7959183673469388,0,0,0.24761904761904774,0.43260188087774293,0,1,0.5683453237410072,0,0.3833333333333333,2,0,2
0.346938775510204,1,0,0.5904761904761905,0.702194357366771,0,0,0.60431654676259,1,0.3333333333333333,1,1,1
0.346938775510204,1,0,0.22857142857142854,0.3855799373040752,0,0,0.6115107913669064,1,0.8333333333333333,1,0,1
0.22448979591836726,0,2,0.1333333333333333,0.35736677115987453,0,1,0.8345323741007193,0,0.3333333333333333,2,0,0
0.2857142857142857,0,2,0.38095238095238104,0.3887147335423197,0,1,0.7913669064748201,0,0.3333333333333333,1,0,1
0.5714285714285714,1,1,0.38095238095238104,0.4733542319749216,0,1,0.8273381294964028,0,0.4666666666666667,2,0,1
0.6122448979591837,1,0,0.6285714285714287,0.4169278996865204,0,1,0.30215827338129503,0,0.6666666666666666,1,1,1
0.1428571428571428,1,0,0.38095238095238104,0.3542319749216301,0,1,0.4820143884892087,1,0.6,1,1,0
0.6122448979591837,1,0,0.6666666666666666,0.5799373040752351,0,0,0.34532374100719426,1,0.4666666666666667,2,1,1
0.26530612244897955,1,2,0.47619047619047616,0.40438871473354226,0,0,0.7553956834532374,0,0.6666666666666666,1,0,1
0.5918367346938775,1,0,0.2857142857142857,0.3636363636363636,0,1,0.45323741007194246,1,0.5833333333333333,1,0,1
0.2857142857142857,1,3,0.6476190476190476,0.49843260188087773,0,0,0.8273381294964028,0,0.4666666666666667,2,0,1
0.693877551020408,1,1,0.4571428571428572,0.3855799373040752,1,0,0.553956834532374,0,0.3333333333333333,2,0,2
0.26530612244897955,0,1,0.4380952380952382,0.6927899686520376,0,1,0.7194244604316546,0,0.3333333333333333,2,0,1
0.44897959183673475,1,0,0.6666666666666666,0.4952978056426332,0,0,0.4676258992805756,0,0.7666666666666666,1,1,1
0.6326530612244898,1,1,0.5714285714285715,0.42633228840125387,0,1,0.7266187050359711,1,0.3333333333333333,2,0,1
0.6734693877551019,0,0,0.47619047619047616,0.7680250783699061,0,0,0.7625899280575539,0,0.3333333333333333,2,1,2
0.5306122448979591,1,0,0.419047619047619,0.567398119122257,0,0,0.33093525179856115,1,0.7,1,1,1
0.5306122448979591,1,0,0.2857142857142857,0.37931034482758613,0,0,0.32374100719424465,1,0.3333333333333333,1,1,1
0.4897959183673468,1,0,0.4285714285714287,0.3981191222570533,0,1,0.7553956834532374,0,0.5,2,1,1
0.3877551020408163,1,0,0.2857142857142857,0.5956112852664577,0,0,0.3956834532374101,1,0.5,1,1,1
0.7755102040816326,1,0,0.38095238095238104,0.6802507836990594,0,0,0.6330935251798562,0,0.39999999999999997,1,0,2
0.6122448979591837,1,0,0.19047619047619047,0.46708463949843254,0,1,0.6690647482014389,0,0.35,2,1,1
0.7346938775510203,0,2,0.5714285714285715,0.7147335423197492,0,1,0.5035971223021583,0,0.36666666666666664,2,0,2
0.44897959183673475,0,1,0.38095238095238104,0.49843260188087773,0,1,0.7122302158273381,0,0.5166666666666666,2,0,1
0.3265306122448979,0,2,0.2666666666666667,0.17554858934169276,0,1,0.8057553956834533,0,0.4333333333333333,1,0,1
0.7959183673469388,1,0,0.38095238095238104,0.47648902821316613,0,1,0.057553956834532405,0,0.5,1,1,2
0.4285714285714285,0,0,0.47619047619047616,0.5768025078369905,0,1,0.7194244604316546,0,0.3333333333333333,2,0,1
0.5918367346938775,1,0,0.8095238095238096,0.6394984326018809,1,0,0.43884892086330934,0,0.5,1,1,1
0.7142857142857142,1,0,0.47619047619047616,0.5297805642633229,0,0,0.60431654676259,0,0.5666666666666667,1,1,2
0.40816326530612246,1,0,0.419047619047619,0.592476489028213,0,0,0.7410071942446044,0,0.41666666666666663,1,1,1
0.46938775510204067,1,2,0.19047619047619047,0.4294670846394984,0,1,0.5755395683453237,1,0.5333333333333333,1,0,1
0.6530612244897958,0,0,0.6666666666666666,0.542319749216301,0,0,0.6762589928057554,0,0.7666666666666666,1,1,1
0.6326530612244898,1,0,0.5714285714285715,0.2884012539184953,0,1,0.7122302158273381,1,0.3333333333333333,2,1,1
0.346938775510204,0,1,0.3047619047619049,0.2351097178683385,0,1,0.539568345323741,0,0.3333333333333333,1,0,1
0.5510204081632653,0,0,0.9523809523809524,0.7586206896551724,0,2,0.3884892086330936,1,0.8999999999999999,1,1,1
0.26530612244897955,1,1,0.2857142857142857,0.47021943573667707,0,1,0.6474820143884892,0,0.3333333333333333,2,0,1
0.6530612244897958,0,0,0.742857142857143,0.6896551724137931,0,0,0.7050359712230216,0,0.3333333333333333,2,1,1
0.5306122448979591,0,2,0.5238095238095238,0.6865203761755485,1,1,0.7697841726618706,0,0.3333333333333333,2,0,1
0.2857142857142857,1,1,0.38095238095238104,0.6583072100313478,0,1,0.7122302158273381,0,0.3333333333333333,2,0,1
0.4285714285714285,0,1,0.5142857142857143,0.5830721003134796,0,1,0.7122302158273381,0,0.3333333333333333,1,0,1
0.36734693877551017,1,0,0.38095238095238104,0.5141065830721003,0,0,0.5827338129496402,0,0.4666666666666667,2,1,1
0.7755102040816326,0,3,0.6666666666666666,0.4420062695924764,0,1,0.3669064748201439,0,0.7666666666666666,0,0,2
0.5714285714285714,1,0,0.47619047619047616,0.6206896551724137,1,0,0.2877697841726619,1,0.6,0,1,1
0.4285714285714285,1,2,0.38095238095238104,0.3228840125391849,0,1,0.5467625899280575,0,0.6666666666666666,1,1,1
0.5306122448979591,1,0,0.4,0.6300940438871474,0,0,0.381294964028777,1,0.8666666666666667,1,1,1
0.5918367346938775,1,0,0.6857142857142858,0.592476489028213,0,1,0.17985611510791372,1,0.5333333333333333,1,1,1
0.7551020408163265,0,2,0.761904761904762,0.8620689655172413,0,0,0.6330935251798562,0,0.4666666666666667,2,0,2
0.5306122448979591,1,2,0.4285714285714287,0.5893416927899686,0,0,0.6402877697841727,0,0.41666666666666663,0,0,1
0.5306122448979591,0,2,0.761904761904762,0.3636363636363636,0,1,0.7194244604316546,0,0.3333333333333333,2,0,1
0.693877551020408,1,0,0.38095238095238104,0.5705329153605014,0,1,0.2589928057553957,1,0.6333333333333333,1,1,2
0.4897959183673468,0,2,0.5333333333333333,0.34796238244514105,0,0,0.7625899280575539,0,0.35,1,0,1
0.4897959183673468,1,1,0.5142857142857143,0.3636363636363636,0,1,0.6834532374100719,0,0.4666666666666667,2,0,1
0.6530612244897958,1,0,0.35238095238095235,0.45454545454545453,1,1,0.6978417266187049,1,0.5666666666666667,2,1,1
0.7142857142857142,0,0,0.2666666666666667,0.5768025078369905,0,1,0.7625899280575539,1,0.6333333333333333,1,1,2
0.7755102040816326,1,0,0.3047619047619049,0.3981191222570533,0,0,0.4964028776978418,1,0.35,2,1,2
0.2857142857142857,1,0,0.5714285714285715,0.4420062695924764,0,1,0.8273381294964028,0,0.3333333333333333,2,0,1
0.7346938775510203,1,0,0.38095238095238104,0.5047021943573666,0,0,0.23741007194244607,1,0.7,0,1,2
0.5306122448979591,1,2,0.6666666666666666,0.4608150470219436,0,0,0.7338129496402879,0,0.6,2,0,1
0.36734693877551017,0,2,0.5904761904761905,0.2884012539184953,0,0,0.6978417266187049,1,0.5666666666666667,0,0,1
0.7959183673469388,0,2,0.6857142857142858,0.6018808777429467,0,1,0.7841726618705036,0,0.3333333333333333,2,0,2
0.5714285714285714,1,0,0.4285714285714287,0.5141065830721003,1,0,0.5827338129496402,1,0.5333333333333333,1,1,1
0.12244897959183676,0,1,0.36190476190476184,0.39184952978056425,0,1,0.9280575539568345,0,0.44999999999999996,2,0,0
0.5918367346938775,1,0,0.49523809523809537,0.38244514106583066,0,1,0.7553956834532374,1,0.3333333333333333,2,0,1
0.7346938775510203,1,0,0.6190476190476192,0.3981191222570533,0,0,0.4964028776978418,0,0.6666666666666666,1,1,2
0.6326530612244898,1,0,0.5523809523809525,0.5830721003134796,0,0,0.8561151079136691,0,0.3333333333333333,2,0,1
0.44897959183673475,1,2,0.5714285714285715,0.463949843260188,0,1,0.7194244604316546,0,0.4333333333333333,1,1,1
0.46938775510204067,1,3,0.4285714285714287,0.40125391849529773,0,0,0.44604316546762596,1,0.5666666666666667,2,0,1
0.510204081632653,1,0,0.4095238095238095,0.6175548589341693,0,1,0.23021582733812956,1,0.6666666666666666,1,1,1
0.4897959183673468,1,0,0.3047619047619049,0.45454545454545453,0,1,0.6978417266187049,0,0.3333333333333333,2,1,1
0.2448979591836734,1,0,0.2857142857142857,0.2570532915360501,0,0,0.3669064748201439,1,0.6666666666666666,1,1,0
0.6122448979591837,1,2,0.49523809523809537,0.43573667711598746,0,0,0.7913669064748201,0,0.8666666666666667,2,1,1
0.26530612244897955,0,2,0.3047619047619049,0.5736677115987461,0,0,0.7841726618705036,1,0.3333333333333333,2,0,1
0.26530612244897955,1,2,0.3047619047619049,0.5172413793103448,0,1,0.8345323741007193,0,0.3333333333333333,2,0,1
0.44897959183673475,0,2,0.38095238095238104,0.4200626959247648,0,1,0.6834532374100719,0,0.6,1,0,1
0.5306122448979591,0,2,0.2666666666666667,0.5705329153605014,0,0,0.7482014388489209,0,0.3333333333333333,2,0,1
0.7346938775510203,0,0,0.47619047619047616,0.6833855799373041,0,1,0.42446043165467634,0,0.6666666666666666,1,0,2
0.46938775510204067,0,2,0.47619047619047616,0.5360501567398119,0,0,0.618705035971223,0,0.41666666666666663,2,0,1
0.36734693877551017,0,1,0.23809523809523803,0.3730407523510972,0,1,0.7841726618705036,0,0.3333333333333333,2,0,1
0.346938775510204,1,1,0.4571428571428572,0.6990595611285266,0,0,0.7697841726618706,0,0.3333333333333333,2,0,1
0.5714285714285714,1,3,0.38095238095238104,0.33855799373040746,0,0,0.7122302158273381,0,0.6499999999999999,1,0,1
0.7755102040816326,0,0,0.9333333333333335,0.44827586206896547,1,1,0.7338129496402879,1,0.5,1,1,2
0.20408163265306123,1,3,0.38095238095238104,0.45768025078369906,0,1,0.8561151079136691,1,0.9666666666666666,1,1,0
0.693877551020408,0,0,0.6666666666666666,0.49843260188087773,0,1,0.6546762589928057,1,0.5666666666666667,1,1,2
0.5510204081632653,1,1,0.47619047619047616,0.5548589341692789,0,1,0.6618705035971222,0,0.3333333333333333,2,0,1
0.6122448979591837,1,0,0.4571428571428572,0.5454545454545454,0,0,0.4820143884892087,1,0.8333333333333333,1,1,1
0.30612244897959184,1,0,0.2857142857142857,0.3949843260188088,0,1,0.7050359712230216,0,0.3333333333333333,2,0,1
0.7346938775510203,0,0,0.9523809523809524,0.7523510971786833,0,1,0.6546762589928057,1,0.3333333333333333,2,0,2
0.44897959183673475,0,0,0.2857142857142857,0.5297805642633229,0,0,0.6906474820143884,0,0.3333333333333333,2,0,1
0.510204081632653,1,2,0.47619047619047616,0.3510971786833856,1,0,0.6402877697841727,0,0.5333333333333333,0,0,1
0.346938775510204,0,0,0.5523809523809525,0.4733542319749216,0,0,0.6402877697841727,1,0.36666666666666664,1,0,1
0.7551020408163265,1,3,0.5523809523809525,0.6175548589341693,1,0,0.7985611510791366,0,0.5666666666666667,1,1,2
0.8367346938775508,1,3,0.761904761904762,0.46708463949843254,1,0,0.4892086330935252,0,0.35,1,0,2
0.8367346938775508,1,2,0.5714285714285715,0.5297805642633229,0,0,0.5971223021582734,0,0.6666666666666666,1,1,2
0.7959183673469388,1,0,0.19047619047619047,0.670846394984326,0,0,0.44604316546762596,1,0.4833333333333333,1,1,2
0.8163265306122449,0,2,0.38095238095238104,0.3949843260188088,0,0,0.3741007194244605,0,0.5833333333333333,1,0,2
0.12244897959183676,1,3,0.36190476190476184,0.30407523510971785,0,0,0.7985611510791366,0,0.3333333333333333,2,0,0
0.693877551020408,0,0,0.5523809523809525,0.6551724137931034,1,1,0.30935251798561153,0,0.6499999999999999,1,1,2
0.36734693877551017,1,2,0.6666666666666666,0.45768025078369906,0,1,0.60431654676259,0,0.9333333333333333,1,1,1
0.7959183673469388,1,0,0.4285714285714287,0.5297805642633229,1,1,0.7194244604316546,0,0.36666666666666664,1,1,2
0.44897959183673475,1,2,0.4666666666666667,0.34796238244514105,0,1,0.7194244604316546,0,0.3333333333333333,2,0,1
0.2857142857142857,1,2,0.38095238095238104,0.4858934169278996,1,1,0.9424460431654675,0,0.4666666666666667,0,0,1
0.26530612244897955,1,0,0.2857142857142857,0.27272727272727265,0,0,0.6834532374100719,0,0.3333333333333333,2,1,1
0.2857142857142857,0,0,0.20952380952380956,0.5642633228840126,0,0,0.42446043165467634,0,0.4333333333333333,1,0,1
0.510204081632653,1,2,0.47619047619047616,0.5047021943573666,1,0,0.7913669064748201,0,0.3333333333333333,2,0,1
0.30612244897959184,1,2,0.47619047619047616,0.7210031347962382,0,1,0.7122302158273381,0,0.6499999999999999,2,0,1
0.5714285714285714,1,0,0.49523809523809537,0.3103448275862069,0,0,0.30215827338129503,1,0.6833333333333333,1,1,1
0.4897959183673468,1,0,0.2666666666666667,0.463949843260188,1,1,0.60431654676259,0,0.35,2,0,1
0.693877551020408,0,0,0.5714285714285715,0.9686520376175549,0,0,0.6762589928057554,0,0.5333333333333333,1,0,2
0.857142857142857,1,2,0.761904761904762,0.5768025078369905,0,1,0.3525179856115109,1,0.8166666666666667,1,1,2
0.5306122448979591,1,0,0.5714285714285715,0.4827586206896552,0,1,0.6978417266187049,0,0.5333333333333333,2,0,1
0.857142857142857,1,0,0.6190476190476192,0.2789968652037617,0,1,0.44604316546762596,1,0.7666666666666666,0,1,2
0.5306122448979591,1,1,0.2666666666666667,0.702194357366771,0,1,0.6690647482014389,0,0.3333333333333333,2,0,1
0.1428571428571428,1,0,0.4380952380952382,0.6175548589341693,0,0,0.6690647482014389,1,0.3333333333333333,2,1,0
0.40816326530612246,1,2,0.419047619047619,0.5329153605015673,1,1,0.8057553956834533,0,0.3333333333333333,2,0,1
0.5510204081632653,0,1,0.5238095238095238,0.5172413793103448,0,0,0.7050359712230216,0,0.5666666666666667,1,0,1
0.6122448979591837,0,0,0.19047619047619047,0.5109717868338557,0,0,0.42446043165467634,0,0.5,1,0,1
0.5306122448979591,0,2,0.2857142857142857,0.40438871473354226,0,1,0.6834532374100719,0,0.6,1,0,1
0.8367346938775508,0,3,0.5714285714285715,0.4827586206896552,0,1,0.6330935251798562,0,0.6333333333333333,2,0,2
1.0,1,0,0.4285714285714287,0.6865203761755485,0,0,0.7122302158273381,1,0.3333333333333333,2,1,2
0.8163265306122449,1,2,0.36190476190476184,0.6018808777429467,0,1,0.6330935251798562,0,0.5,2,0,2
0.6122448979591837,1,0,0.4285714285714287,0.6739811912225704,0,0,0.7769784172661871,0,0.3333333333333333,2,1,1
0.6530612244897958,1,0,0.4285714285714287,0.542319749216301,0,0,0.5611510791366907,1,0.7999999999999999,1,1,1
0.46938775510204067,1,0,0.5714285714285715,0.670846394984326,0,1,0.7913669064748201,1,0.6,2,1,1
0.5510204081632653,1,0,0.761904761904762,0.6394984326018809,0,0,0.5899280575539567,1,0.4666666666666667,1,1,1
0.4897959183673468,1,3,0.6857142857142858,0.6677115987460815,1,1,0.8273381294964028,0,0.5333333333333333,1,0,1
0.6530612244897958,0,2,0.20952380952380956,0.7304075235109717,0,1,0.6978417266187049,0,0.3333333333333333,2,0,1
0.6122448979591837,1,2,0.23809523809523803,0.4858934169278996,0,0,0.6546762589928057,1,0.4333333333333333,1,0,1
0.7346938775510203,1,2,0.4285714285714287,0.702194357366771,0,1,0.4892086330935252,1,0.6333333333333333,1,1,2
0.18367346938775508,1,2,0.47619047619047616,0.5172413793103448,0,1,0.8920863309352518,0,0.9166666666666665,0,0,0
0.6326530612244898,1,3,0.8571428571428573,0.6363636363636362,0,0,0.6906474820143884,0,0.36666666666666664,1,1,1
0.46938775510204067,1,2,0.4285714285714287,0.5015673981191222,1,0,0.7410071942446044,0,0.7333333333333333,1,0,1
0.30612244897959184,0,2,0.4,0.40125391849529773,0,1,0.7338129496402879,0,0.36666666666666664,1,0,1
0.6122448979591837,1,0,0.4571428571428572,0.4106583072100313,0,0,0.4892086330935252,1,0.7,1,1,1
0.020408163265306145,1,1,0.47619047619047616,0.3730407523510972,0,0,1.0,0,0.3333333333333333,2,0,0
0.26530612244897955,0,1,0.47619047619047616,0.3730407523510972,0,0,0.7841726618705036,0,0.5666666666666667,2,0,1
0.7142857142857142,0,2,0.5238095238095238,0.5235109717868338,0,0,0.7841726618705036,0,0.3333333333333333,2,0,2
0.46938775510204067,1,2,0.1333333333333333,0.44514106583072094,0,1,0.6546762589928057,1,0.3333333333333333,2,0,1
0.5306122448979591,1,2,0.38095238095238104,0.542319749216301,0,0,0.60431654676259,0,0.39999999999999997,1,0,1
0.3265306122448979,1,1,0.38095238095238104,0.42319749216300934,0,1,0.7697841726618706,0,0.3333333333333333,2,0,1
0.5306122448979591,1,0,0.2857142857142857,0.4827586206896552,0,1,0.45323741007194246,1,0.7999999999999999,1,1,1
0.7551020408163265,1,0,0.5238095238095238,0.5297805642633229,0,0,0.4604316546762591,0,0.7999999999999999,1,1,2
0.5918367346938775,1,2,0.6666666666666666,0.26018808777429464,0,1,0.7985611510791366,0,0.6,2,0,1
0.7142857142857142,1,0,0.47619047619047616,0.7680250783699061,1,0,0.4964028776978418,1,0.6333333333333333,2,1,2
0.1428571428571428,0,0,0.5523809523809525,0.3072100313479624,0,1,0.8561151079136691,0,0.5666666666666667,2,0,0
0.26530612244897955,1,1,0.5238095238095238,0.36990595611285265,0,1,0.4964028776978418,0,0.3333333333333333,1,0,1
0.693877551020408,0,2,0.47619047619047616,0.5579937304075235,0,1,0.24460431654676257,0,0.5333333333333333,1,1,2
0.30612244897959184,0,0,0.49523809523809537,0.8025078369905956,1,0,0.525179856115108,1,0.8333333333333333,1,1,1
0.6122448979591837,0,3,0.6666666666666666,0.6206896551724137,1,0,0.7122302158273381,0,0.5,2,0,1
0.4897959183673468,1,3,0.36190476190476184,0.31661442006269586,0,0,0.9136690647482015,0,0.3333333333333333,1,0,1
0.6734693877551019,0,0,0.6190476190476192,0.695924764890282,0,0,0.5971223021582734,1,0.5,1,1,2
0.22448979591836726,1,0,0.36190476190476184,0.4200626959247648,0,1,0.553956834532374,0,0.5333333333333333,1,1,0
0.346938775510204,1,0,0.33333333333333337,0.5485893416927898,0,0,0.8776978417266188,0,0.3333333333333333,2,0,1
0.4897959183673468,1,0,0.4571428571428572,0.5329153605015673,0,1,0.7050359712230216,1,0.3333333333333333,2,1,1
0.693877551020408,1,2,0.47619047619047616,0.45768025078369906,0,1,0.5971223021582734,0,0.6333333333333333,1,0,2
0.510204081632653,0,0,0.5523809523809525,0.46708463949843254,0,0,0.6978417266187049,0,0.3333333333333333,2,0,1
0.30612244897959184,1,0,0.38095238095238104,0.2884012539184953,0,0,0.4100719424460432,1,0.75,1,1,1
0.3877551020408163,1,2,0.5523809523809525,0.5391849529780564,0,0,0.6690647482014389,0,0.3333333333333333,2,0,1
0.4897959183673468,1,1,0.38095238095238104,0.7523510971786833,0,1,0.7841726618705036,0,0.36666666666666664,2,0,1
0.8163265306122449,1,2,0.9523809523809524,0.592476489028213,1,0,0.6258992805755395,1,0.6,1,1,2
0.22448979591836726,1,2,0.5714285714285715,0.7398119122257054,0,0,0.8561151079136691,0,0.3333333333333333,2,0,0
0.510204081632653,0,0,0.47619047619047616,0.561128526645768,0,0,0.5755395683453237,0,0.39999999999999997,1,0,1
0.693877551020408,0,0,0.5714285714285715,0.5736677115987461,0,0,0.6978417266187049,0,0.9333333333333333,0,1,2
0.46938775510204067,0,2,0.5714285714285715,0.6990595611285266,0,0,0.5683453237410072,0,0.5833333333333333,2,0,1
0.6530612244897958,1,0,0.47619047619047616,0.5266457680250782,0,1,0.5827338129496402,1,0.5666666666666667,2,1,1
0.7551020408163265,1,0,0.2857142857142857,0.5109717868338557,0,0,0.6834532374100719,0,0.4333333333333333,2,1,2
0.7551020408163265,0,2,0.7142857142857143,0.5768025078369905,0,1,0.6115107913669064,0,0.4666666666666667,2,0,2
0.6530612244897958,1,2,0.5714285714285715,0.31347962382445144,0,0,0.6618705035971222,0,0.8333333333333333,1,1,1
0.6530612244897958,1,0,0.6190476190476192,0.6175548589341693,0,0,0.5683453237410072,1,0.7999999999999999,1,1,1
0.5306122448979591,1,0,0.38095238095238104,0.3228840125391849,0,1,0.3597122302158274,0,0.5666666666666667,1,1,1
0.3265306122448979,1,1,0.47619047619047616,0.4200626959247648,0,0,0.8992805755395683,0,0.3333333333333333,2,0,1
0.3265306122448979,1,0,0.3047619047619049,0.6426332288401253,0,0,0.6474820143884892,0,0.3333333333333333,2,1,1
0.46938775510204067,1,2,0.2857142857142857,0.28213166144200624,0,1,0.43165467625899284,0,0.4333333333333333,2,0,1
0.6326530612244898,1,2,0.6666666666666666,0.3981191222570533,1,1,0.6762589928057554,0,0.6,2,0,1
0.8775510204081631,0,1,0.761904761904762,0.6802507836990594,0,1,0.7122302158273381,0,0.39999999999999997,2,0,2
0.6734693877551019,1,2,0.6666666666666666,0.4952978056426332,1,1,0.5323741007194245,1,0.5,1,0,2
0.5510204081632653,1,0,0.49523809523809537,0.8401253918495297,0,1,0.4964028776978418,1,0.5333333333333333,1,1,1
0.7346938775510203,1,2,0.5714285714285715,0.7836990595611286,0,1,0.6834532374100719,0,0.3333333333333333,2,1,2
0.30612244897959184,1,0,0.6666666666666666,0.5078369905956113,0,1,0.7769784172661871,0,0.5833333333333333,2,0,1
0.6122448979591837,0,2,0.38095238095238104,0.7993730407523512,0,1,0.7841726618705036,0,0.3333333333333333,2,0,1
0.6530612244897958,1,0,0.47619047619047616,0.37931034482758613,0,0,0.4964028776978418,1,0.7333333333333333,1,1,1
0.6122448979591837,1,1,0.38095238095238104,0.6238244514106583,0,0,0.6978417266187049,0,0.6333333333333333,1,1,1
0.4285714285714285,1,1,0.47619047619047616,0.567398119122257,0,1,0.7769784172661871,0,0.4333333333333333,2,0,1
0.40816326530612246,1,1,0.2857142857142857,0.45141065830721,0,1,0.7553956834532374,0,0.5,0,1,1
0.4897959183673468,1,2,0.8761904761904763,0.35736677115987453,1,1,0.7122302158273381,0,0.41666666666666663,2,0,1
0.3265306122448979,1,1,0.38095238095238104,0.5579937304075235,0,1,0.7913669064748201,0,0.3333333333333333,2,0,1
0.5714285714285714,0,1,0.5714285714285715,0.6551724137931034,0,0,0.6474820143884892,0,0.55,1,0,1
0.5918367346938775,1,0,0.5714285714285715,0.33542319749216304,0,1,0.6115107913669064,0,0.39999999999999997,1,0,1
0.7959183673469388,1,0,0.761904761904762,0.6300940438871474,0,0,0.32374100719424465,1,0.5833333333333333,1,1,2
0.510204081632653,0,2,0.4571428571428572,0.4106583072100313,0,0,0.3741007194244605,0,0.3333333333333333,2,0,1
0.4897959183673468,1,2,0.5523809523809525,0.43260188087774293,0,1,0.7625899280575539,0,0.3333333333333333,2,0,1
0.30612244897959184,1,0,0.49523809523809537,0.5078369905956113,1,0,0.5755395683453237,1,0.35,1,1,1
0.4897959183673468,1,0,0.4571428571428572,0.3730407523510972,1,1,0.6690647482014389,1,0.5,1,1,1
0.6326530612244898,1,3,0.5142857142857143,0.3730407523510972,0,1,0.7122302158273381,0,0.4666666666666667,2,1,1
0.7346938775510203,1,3,0.8571428571428573,0.44514106583072094,0,0,0.6618705035971222,0,0.4333333333333333,1,0,2
0.7755102040816326,0,2,0.6285714285714287,0.6050156739811912,0,0,0.6402877697841727,0,0.3333333333333333,1,0,2
0.22448979591836726,0,2,0.5523809523809525,0.42319749216300934,0,1,0.6402877697841727,0,0.3333333333333333,1,0,0
0.5918367346938775,1,1,0.7047619047619048,0.4608150470219436,0,0,0.7266187050359711,0,0.3333333333333333,2,1,1
0.6122448979591837,0,0,0.47619047619047616,0.3510971786833856,0,1,0.4892086330935252,0,0.4333333333333333,1,0,1
0.5918367346938775,1,0,0.2857142857142857,0.7836990595611286,0,1,0.5755395683453237,1,0.8333333333333333,1,1,1
0.3877551020408163,1,2,0.47619047619047616,0.5266457680250782,0,1,0.8345323741007193,0,0.3333333333333333,2,0,1
0.5510204081632653,0,0,0.4571428571428572,0.3761755485893417,0,2,0.4820143884892087,1,0.6666666666666666,1,1,1
0.1428571428571428,1,1,0.4,0.33542319749216304,0,1,0.7985611510791366,0,0.3333333333333333,2,0,0
0.6734693877551019,1,0,0.6476190476190476,0.36990595611285265,0,1,0.7050359712230216,0,0.3333333333333333,2,1,2
0.6122448979591837,0,0,0.8571428571428573,0.438871473354232,1,0,0.5971223021582734,1,0.7999999999999999,1,1,1
0.6122448979591837,1,1,0.4285714285714287,0.42319749216300934,0,1,0.5827338129496402,0,0.39999999999999997,1,0,1
0.5714285714285714,1,1,0.47619047619047616,0.42633228840125387,0,0,0.7194244604316546,0,0.3333333333333333,2,0,1
0.5714285714285714,1,1,0.38095238095238104,0.4858934169278996,0,1,0.7625899280575539,0,0.3333333333333333,0,0,1
0.7959183673469388,1,2,0.6857142857142858,0.3981191222570533,0,0,0.6258992805755395,0,0.4666666666666667,1,1,2
0.5510204081632653,0,1,0.49523809523809537,0.8056426332288402,0,1,0.7410071942446044,0,0.5333333333333333,2,0,1
0.3265306122448979,1,0,0.38095238095238104,0.26332288401253917,0,1,0.5827338129496402,1,0.7999999999999999,0,1,1
0.7142857142857142,1,0,0.5714285714285715,0.3197492163009404,0,0,0.5827338129496402,1,1.0,2,1,2
0.7142857142857142,0,0,0.419047619047619,0.3510971786833856,0,1,0.525179856115108,1,0.3333333333333333,1,1,2
0.26530612244897955,1,1,0.38095238095238104,0.22570532915360497,0,1,0.8561151079136691,0,0.3333333333333333,2,0,1
0.6326530612244898,1,0,0.8000000000000002,0.2852664576802508,1,0,0.19424460431654683,0,0.5,1,1,1
0.5918367346938775,0,0,0.5714285714285715,0.48902821316614414,0,1,0.43165467625899284,1,0.36666666666666664,1,1,1
0.346938775510204,1,3,0.2857142857142857,0.561128526645768,0,1,0.4964028776978418,0,0.5333333333333333,1,1,1
0.8163265306122449,1,0,0.6095238095238095,0.33855799373040746,1,1,0.5611510791366907,0,0.8999999999999999,1,1,2
0.5918367346938775,1,0,0.47619047619047616,0.14420062695924762,0,1,0.3741007194244605,1,0.5333333333333333,1,1,1
0.5918367346938775,0,1,0.47619047619047616,0.4733542319749216,0,0,0.7985611510791366,0,0.3333333333333333,1,1,1
0.20408163265306123,1,2,0.5523809523809525,0.28213166144200624,0,1,0.7913669064748201,0,0.3333333333333333,2,0,0
