Age,Sex,ChestPainType,RestingBP,Cholesterol,FastingBS,RestingECG,MaxHR,ExerciseAngina,Oldpeak,ST_Slope,Age_Category,Gercek_Durum,Modelin_Tahmini
0.4081632653061224,1,2,0.2857142857142857,0.3949843260188088,0,1,0.539568345323741,0,0.3333333333333333,2,1,0,0
0.7142857142857142,1,0,0.761904761904762,0.4545454545454545,1,1,0.302158273381295,1,0.5,1,2,1,1
0.5306122448979591,0,2,0.4761904761904761,0.6551724137931034,0,2,0.2661870503597123,1,0.3333333333333333,1,1,1,0
0.693877551020408,1,0,0.380952380952381,0.4231974921630093,0,2,0.1654676258992806,0,0.3333333333333333,2,2,0,0
0.6734693877551019,1,2,0.380952380952381,0.7899686520376175,0,1,0.2517985611510792,1,0.3333333333333333,1,2,1,1
0.2653061224489795,0,1,0.4761904761904761,0.3730407523510972,0,0,0.7841726618705036,0,0.5666666666666667,2,1,0,0
0.6122448979591837,1,0,0.4761904761904761,0.5004244161126845,0,2,0.2661870503597123,1,0.5,1,1,1,1
0.7959183673469388,0,0,0.2476190476190477,0.4326018808777429,0,1,0.5683453237410072,0,0.3833333333333333,2,2,0,0
0.5510204081632653,1,0,0.380952380952381,0.4420062695924764,0,0,0.4604316546762591,1,0.6166666666666667,0,1,1,1
0.9387755102040816,1,3,0.6190476190476192,0.4106583072100313,1,1,0.381294964028777,1,0.6333333333333333,1,2,1,1
0.5714285714285714,1,3,0.380952380952381,0.3385579937304074,0,0,0.7122302158273381,0,0.6499999999999999,1,1,0,0
0.3061224489795918,0,1,0.380952380952381,0.5141065830721003,0,2,0.8129496402877698,0,0.3333333333333333,2,1,0,0
0.4081632653061224,1,0,0.4761904761904761,0.5360501567398119,1,0,0.6258992805755395,1,0.3333333333333333,2,1,1,1
0.3673469387755101,1,2,0.6666666666666666,0.2445141065830721,0,1,0.381294964028777,0,0.3333333333333333,2,1,0,0
0.7551020408163265,0,2,0.7142857142857143,0.5768025078369905,0,1,0.6115107913669064,0,0.4666666666666667,2,2,0,0
0.6326530612244898,1,0,0.419047619047619,0.2351097178683385,0,1,0.3884892086330936,1,0.5,1,1,1,1
0.5306122448979591,1,2,0.5047619047619049,0.3699059561128526,0,2,0.5323741007194245,0,0.3666666666666666,2,1,0,0
0.6734693877551019,1,3,0.5904761904761905,0.360501567398119,1,2,0.2661870503597123,0,0.5833333333333333,0,2,1,1
0.3877551020408163,1,2,0.5523809523809525,0.5391849529780564,0,0,0.6690647482014389,0,0.3333333333333333,2,1,0,0
0.3265306122448979,1,1,0.380952380952381,0.5579937304075235,0,1,0.7913669064748201,0,0.3333333333333333,2,1,0,0
0.3265306122448979,0,0,0.380952380952381,0.4169278996865204,0,2,0.3741007194244605,0,0.3333333333333333,2,1,0,0
0.4285714285714285,1,2,0.5714285714285715,0.3197492163009404,0,1,0.7841726618705036,0,0.3333333333333333,2,1,0,0
0.5714285714285714,1,1,0.4761904761904761,0.3103448275862069,0,1,0.2661870503597123,0,0.3333333333333333,2,1,0,0
0.4693877551020406,1,0,0.1428571428571429,0.5004244161126845,1,1,0.4532374100719424,0,0.7,1,1,1,1
0.693877551020408,1,0,0.761904761904762,0.5297805642633229,1,2,0.3237410071942446,1,0.8333333333333333,1,2,1,1
0.5306122448979591,1,0,0.4285714285714287,0.4357366771159874,0,1,0.4244604316546763,0,0.6666666666666666,1,1,1,1
0.5510204081632653,1,1,0.5714285714285715,0.5004244161126845,0,2,0.6258992805755395,0,0.3666666666666666,2,1,0,0
0.2653061224489795,1,0,0.4285714285714287,0.5004244161126845,1,1,0.8129496402877698,0,0.6,2,1,1,1
0.7551020408163265,1,0,0.380952380952381,0.2884012539184953,0,1,0.553956834532374,0,0.3999999999999999,2,2,0,0
0.7755102040816326,0,3,0.6666666666666666,0.4420062695924764,0,1,0.3669064748201439,0,0.7666666666666666,0,2,0,1
0.3265306122448979,1,1,0.6666666666666666,0.6363636363636362,0,1,0.6258992805755395,1,0.8333333333333333,1,1,1,1
0.5918367346938775,1,0,0.1428571428571429,0.5004244161126845,1,1,0.8561151079136691,0,0.4499999999999999,0,1,1,1
0.4285714285714285,0,1,0.2857142857142857,0.3855799373040752,0,1,0.6978417266187049,0,0.3333333333333333,2,1,0,0
0.5918367346938775,1,0,0.4761904761904761,0.3824451410658306,0,2,0.237410071942446,1,0.5,1,1,0,1
0.7755102040816326,1,0,0.6666666666666666,0.5004244161126845,0,1,0.3237410071942446,1,0.6666666666666666,1,2,1,1
0.3877551020408163,1,0,0.761904761904762,0.64576802507837,0,2,0.6834532374100719,1,0.8333333333333333,1,1,1,1
0.6326530612244898,1,0,0.4,0.463949843260188,0,1,0.3884892086330936,1,0.55,0,1,1,1
0.510204081632653,1,0,0.4095238095238095,0.6175548589341693,0,1,0.2302158273381295,1,0.6666666666666666,1,1,1,1
0.6734693877551019,1,2,0.5714285714285715,0.6238244514106583,0,1,0.4316546762589928,1,0.55,1,2,1,1
0.1224489795918367,0,1,0.4761904761904761,0.238244514106583,0,1,0.9136690647482016,0,0.3333333333333333,2,0,0,0
0.693877551020408,1,0,0.6666666666666666,0.5004244161126845,1,2,0.1079136690647482,0,0.6666666666666666,1,2,1,1
0.0204081632653061,1,1,0.4761904761904761,0.3730407523510972,0,0,1.0,0,0.3333333333333333,2,0,0,0
0.346938775510204,0,1,0.4761904761904761,0.4670846394984325,0,0,0.8057553956834533,0,0.4333333333333333,1,1,0,0
0.6122448979591837,0,1,0.5333333333333333,0.7335423197492164,1,0,0.6402877697841727,0,0.3333333333333333,2,1,1,0
0.7142857142857142,1,0,0.5333333333333333,0.5004244161126845,0,1,0.1510791366906475,1,0.3333333333333333,1,2,1,1
0.2244897959183672,1,0,0.2857142857142857,0.6112852664576802,0,1,0.6258992805755395,0,0.3333333333333333,1,0,1,1
0.7142857142857142,1,0,0.1904761904761904,0.5004244161126845,1,1,0.3309352517985611,0,0.1833333333333333,1,2,1,1
0.5306122448979591,1,2,0.380952380952381,0.4137931034482758,0,1,0.5323741007194245,0,0.3333333333333333,2,1,0,0
0.979591836734694,1,2,0.2285714285714285,0.0877742946708463,0,0,0.4100719424460432,0,0.9166666666666664,0,2,1,0
0.6122448979591837,1,0,0.3333333333333333,0.5004244161126845,1,1,0.539568345323741,0,0.4166666666666666,2,1,1,1
0.693877551020408,1,2,0.380952380952381,0.4231974921630093,0,0,0.1654676258992806,0,0.3333333333333333,2,2,0,0
0.183673469387755,1,0,0.380952380952381,0.4326018808777429,0,1,0.7553956834532374,0,0.3333333333333333,2,0,0,0
0.6326530612244898,1,0,0.2857142857142857,0.5004244161126845,1,1,0.2230215827338129,0,0.3333333333333333,1,1,1,1
0.4081632653061224,1,0,0.761904761904762,0.5736677115987461,0,1,0.2877697841726619,1,0.5,1,1,1,1
0.5918367346938775,1,0,0.561904761904762,0.6018808777429467,1,2,0.3956834532374101,1,0.6499999999999999,1,1,1,1
0.4897959183673468,1,2,0.4571428571428572,0.5004244161126845,0,2,0.8417266187050361,0,0.8333333333333333,2,1,1,0
0.6326530612244898,1,0,0.5238095238095238,0.5004244161126845,0,1,0.3741007194244605,1,0.5,1,1,1,1
0.6734693877551019,0,1,0.5714285714285715,0.6677115987460815,1,1,0.4100719424460432,1,0.3333333333333333,2,2,0,0
0.510204081632653,1,0,0.5714285714285715,0.4952978056426332,0,1,0.6618705035971222,0,0.3333333333333333,2,1,0,0
0.510204081632653,1,2,0.380952380952381,0.3448275862068965,0,1,0.553956834532374,0,0.3333333333333333,2,1,0,0
0.5918367346938775,1,1,0.5714285714285715,0.5642633228840126,0,2,0.5899280575539567,1,0.5,1,1,1,1
0.6122448979591837,1,0,0.3428571428571428,0.5004244161126845,0,1,0.4388489208633093,0,0.5,2,1,1,1
0.7551020408163265,1,0,0.761904761904762,0.5004244161126845,1,2,0.4244604316546763,0,0.5333333333333333,1,2,1,1
0.3877551020408163,0,1,0.5714285714285715,0.5391849529780564,0,1,0.5179856115107915,0,0.5,2,1,0,0
0.6530612244897958,1,0,0.4761904761904761,0.3166144200626958,1,0,0.553956834532374,1,0.4166666666666666,1,1,1,1
0.2244897959183672,1,1,0.380952380952381,0.360501567398119,0,1,0.6978417266187049,1,0.5,1,0,0,0
0.6734693877551019,1,0,0.6285714285714287,0.4890282131661441,0,1,0.6115107913669064,1,0.8333333333333333,0,2,1,1
0.5306122448979591,1,0,0.5714285714285715,0.4106583072100313,0,1,0.302158273381295,0,0.5833333333333333,1,1,1,1
0.7551020408163265,1,0,0.2857142857142857,0.5109717868338557,0,0,0.6834532374100719,0,0.4333333333333333,2,2,1,1
0.6530612244897958,1,0,0.761904761904762,0.5004244161126845,0,2,0.2589928057553957,1,0.4166666666666666,1,1,1,1
0.346938775510204,1,3,0.2857142857142857,0.561128526645768,0,1,0.4964028776978418,0,0.5333333333333333,1,1,1,1
0.5510204081632653,1,0,0.3333333333333333,0.5004244161126845,1,1,0.6618705035971222,0,0.35,1,1,1,1
0.2244897959183672,1,0,0.2857142857142857,0.5893416927899686,0,1,0.4964028776978418,0,0.3333333333333333,2,0,0,0
0.346938775510204,1,0,0.3333333333333333,0.5485893416927898,0,0,0.8776978417266188,0,0.3333333333333333,2,1,0,0
0.5714285714285714,1,0,0.5428571428571428,0.6175548589341693,1,1,0.4532374100719424,1,0.5333333333333333,1,1,1,1
0.5510204081632653,1,1,0.5714285714285715,0.347962382445141,0,1,0.6258992805755395,0,0.3333333333333333,2,1,0,0
0.4897959183673468,1,0,0.761904761904762,0.5047021943573666,0,2,0.1366906474820143,1,1.0,1,1,1,1
0.5510204081632653,1,2,0.5047619047619049,0.3134796238244514,0,2,0.525179856115108,0,0.3666666666666666,2,1,0,0
0.5714285714285714,1,2,0.4761904761904761,0.5987460815047021,0,1,0.4676258992805756,1,0.5,2,1,0,0
0.7346938775510203,1,2,0.5714285714285715,0.7836990595611286,0,1,0.6834532374100719,0,0.3333333333333333,2,2,1,0
0.4693877551020406,0,2,0.2857142857142857,0.329153605015674,0,1,0.4100719424460432,0,0.3333333333333333,2,1,0,0
0.4693877551020406,1,2,0.2857142857142857,0.2821316614420062,0,1,0.4316546762589928,0,0.4333333333333333,2,1,0,0
0.5918367346938775,1,0,0.4571428571428572,0.5004244161126845,1,2,0.6115107913669064,1,0.5,1,1,1,1
0.5306122448979591,1,0,0.4,0.6300940438871474,0,0,0.381294964028777,1,0.8666666666666667,1,1,1,1
0.6530612244897958,1,0,0.4952380952380953,0.4169278996865204,0,2,0.553956834532374,1,0.5833333333333333,0,1,1,1
0.3061224489795918,1,0,0.6666666666666666,0.5078369905956113,0,1,0.7769784172661871,0,0.5833333333333333,2,1,0,1
0.5306122448979591,1,0,0.2857142857142857,0.3793103448275861,0,0,0.3237410071942446,1,0.3333333333333333,1,1,1,1
0.6530612244897958,0,3,0.6666666666666666,0.4858934169278996,0,1,0.7769784172661871,0,0.4833333333333333,2,1,0,0
0.8163265306122449,0,2,0.380952380952381,0.3949843260188088,0,0,0.3741007194244605,0,0.5833333333333333,1,2,0,0
